A0L6H5	C5C0V6	137	7.863E-04	1.000	8.743E-01	0.360	8.505E-01
A0L6H5	A5I308	135	1.929E-03	1.000	9.818E-01	0.415	8.775E-01
A0L6H5	Q31R15	112	3.589E-03	1.000	8.473E-01	0.262	8.003E-01
A0L6H5	P18106	40	9.614E-01	0.214	7.191E-01	0.158	7.210E-01
A0L6H5	Q96G75	33	9.614E-01	0.116	5.966E-01	0.222	6.100E-01
A0L6H5	Q84WW6	31	1.455E+00	0.098	5.783E-01	0.183	6.823E-01
A0L6H5	D0LZ73	28	3.823E+00	0.076	8.276E-01	0.102	7.655E-01
A0L6H5	P80734	27	4.388E+00	0.069	8.674E-01	0.181	7.583E-01
A0L6H5	A0A1W2PR19	22	3.568E+00	0.040	7.670E-01	0.300	4.642E-01
A0L6H5	P19666	21	5.783E+00	0.034	7.831E-01	0.088	6.858E-01
A0L6H5	Q54X15	20	5.783E+00	0.029	6.450E-01	0.140	6.971E-01
A0L6H5	Q54VQ7	16	4.702E+00	0.014	4.183E-01	0.140	5.705E-01
A0L6H5	Q04804	15	6.196E+00	0.011	4.554E-01	0.214	6.135E-01
A0L6H5	Q9LQC0	14	6.639E+00	0.010	5.844E-01	0.208	4.649E-01
A0L6H5	Q9HT84	13	8.164E+00	0.009	4.316E-01	0.155	6.974E-01
A0L6H5	P24891	12	9.370E+00	0.008	4.898E-01	0.065	5.604E-01
A0L6H5	P97443	12	7.620E+00	0.008	4.596E-01	0.139	4.936E-01
A0L6H5	P43524	12	8.747E+00	0.008	4.426E-01	0.169	5.738E-01
A0L6H5	A0QU81	11	8.164E+00	0.007	3.870E-01	0.140	5.282E-01
Q12006	Q6UX98	281	5.872E-08	1.000	7.258E-01	0.169	6.140E-01
Q12006	Q76IC6	266	4.097E-07	1.000	8.022E-01	0.190	6.080E-01
Q12006	Q59NR8	238	6.602E-09	1.000	5.580E-01	0.146	4.666E-01
Q12006	Q4I1J3	221	1.314E-06	1.000	7.279E-01	0.160	5.267E-01
Q12006	Q8U1L4	14	6.077E+00	0.010	3.427E-01	0.133	3.527E-01
Q12006	A0QLI5	12	8.959E+00	0.008	3.773E-01	0.094	3.385E-01
Q12006	Q9VF81	10	4.326E+00	0.000	1.751E-01	0.113	2.848E-01
Q12006	Q0H8X1	9	9.871E+00	0.000	3.382E-01	0.100	2.727E-01
Q12006	Q9NX78	8	9.871E+00	0.000	2.450E-01	0.123	2.801E-01
Q12006	P37297	7	8.535E+00	0.000	1.667E-01	0.092	2.971E-01
Q5AD07	P34697	205	7.724E-08	1.000	6.386E-01	0.233	5.584E-01
Q5AD07	Q54RN1	137	3.098E-05	1.000	5.526E-01	0.165	5.847E-01
Q5AD07	Q48H61	19	1.539E+00	0.024	5.934E-01	0.222	1.911E-01
Q5AD07	A7FH78	15	2.064E+00	0.011	3.355E-01	0.051	2.504E-01
Q5AD07	B3A0N5	14	4.178E+00	0.010	6.429E-01	0.136	1.982E-01
Q5AD07	Q93K97	10	3.940E+00	0.000	2.100E-01	0.059	2.812E-01
Q5AD07	B1Q3J6	10	3.303E+00	0.000	1.905E-01	0.146	2.930E-01
Q5AD07	Q196V9	9	8.965E+00	0.000	5.878E-01	0.181	1.883E-01
Q5AD07	B3ETH8	9	3.503E+00	0.000	2.328E-01	0.102	2.017E-01
Q5AD07	P35970	9	4.699E+00	0.000	2.436E-01	0.060	2.410E-01
Q5AD07	Q8WWR8	9	3.715E+00	0.000	1.431E-01	0.089	3.279E-01
Q5AD07	P00691	9	6.685E+00	0.000	3.472E-01	0.069	2.394E-01
Q5AD07	Q9UKN8	9	6.304E+00	0.000	3.800E-01	0.134	1.992E-01
Q5AD07	Q25197	8	6.304E+00	0.000	2.776E-01	0.073	2.128E-01
Q5AD07	A5GRJ7	7	4.178E+00	0.000	1.854E-01	0.094	1.783E-01
Q5AD07	P19487	7	9.506E+00	0.000	2.467E-01	0.095	3.262E-01
Q5AD07	P53306	7	5.285E+00	0.000	2.416E-01	0.148	1.677E-01
Q5AD07	P34724	6	6.304E+00	0.000	2.143E-01	0.138	1.588E-01
Q5AD07	P45796	6	5.285E+00	0.000	1.652E-01	0.105	1.904E-01
Q5AD07	A7IAL9	5	7.972E+00	0.000	2.117E-01	0.111	1.860E-01
Q5AD07	A7LXU0	5	8.454E+00	0.000	1.820E-01	0.110	2.012E-01
Q5AD07	P18475	5	9.506E+00	0.000	2.020E-01	0.085	2.114E-01
Q5AD07	Q6CMN5	5	5.605E+00	0.000	1.343E-01	0.108	1.667E-01
Q8SQY7	P37297	961	1.992E-34	1.000	3.409E-01	0.169	5.106E-01
Q8SQY7	Q49GP3	855	4.262E-20	1.000	6.086E-01	0.187	6.394E-01
Q8SQY7	Q5IBC5	80	4.660E-06	0.984	1.031E-01	0.088	3.056E-01
Q8SQY7	P18296	75	9.118E-06	0.967	9.996E-02	0.101	2.973E-01
Q8SQY7	Q03018	59	1.153E-03	0.747	1.377E-01	0.099	2.883E-01
Q8SQY7	O74539	45	3.307E-02	0.326	1.467E-01	0.103	3.327E-01
Q8SQY7	Q86DA5	42	1.359E-01	0.254	1.935E-01	0.116	3.404E-01
Q8SQY7	P53599	41	6.746E-03	0.233	1.009E-01	0.105	2.667E-01
Q8SQY7	P54570	40	2.938E+00	0.214	7.315E-01	0.190	3.745E-01
Q8SQY7	P53349	36	5.424E-02	0.150	1.267E-01	0.118	2.931E-01
Q8SQY7	Q9WTR2	35	8.000E-02	0.138	1.411E-01	0.082	2.753E-01
Q8SQY7	Q504Y2	31	7.150E-01	0.098	2.915E-01	0.084	2.482E-01
Q8SQY7	Q9VF81	21	1.215E+00	0.034	1.493E-01	0.112	2.968E-01
Q8SQY7	Q9NX78	21	7.408E-01	0.034	1.274E-01	0.104	2.543E-01
Q8SQY7	Q06644	18	3.632E+00	0.020	2.137E-01	0.101	2.929E-01
Q8SQY7	P54493	16	2.215E+00	0.014	1.328E-01	0.092	2.614E-01
Q8SQY7	Q9YFQ8	16	1.304E+00	0.014	1.070E-01	0.105	2.590E-01
Q8SQY7	Q06163	15	6.390E+00	0.011	2.407E-01	0.118	3.296E-01
Q8SQY7	G5ED39	15	1.449E+00	0.011	9.086E-02	0.097	2.914E-01
Q8SQY7	P18106	14	1.351E+00	0.010	6.727E-02	0.109	2.922E-01
Q8SQY7	O18017	9	7.359E+00	0.000	1.086E-01	0.093	3.259E-01
G8SD34	P43254	502	1.633E-17	1.000	6.981E-01	0.181	5.928E-01
G8SD34	Q6CMN5	279	4.214E-12	1.000	6.016E-01	0.145	4.258E-01
G8SD34	Q9UKN8	151	3.528E-08	1.000	4.828E-01	0.122	3.175E-01
G8SD34	Q86DA5	142	2.649E-04	1.000	7.353E-01	0.168	5.631E-01
G8SD34	P50828	116	1.168E-07	1.000	3.281E-01	0.124	3.097E-01
G8SD34	P0DUE1	106	2.095E-03	1.000	6.549E-01	0.191	5.122E-01
G8SD34	P18269	89	7.578E-05	0.996	4.572E-01	0.113	2.894E-01
G8SD34	A7LXU0	85	6.681E-04	0.992	5.049E-01	0.101	3.413E-01
G8SD34	A0A151EH88	79	2.424E-02	0.981	6.470E-01	0.205	5.016E-01
G8SD34	Q9SYC9	69	1.485E-02	0.923	5.123E-01	0.144	4.318E-01
G8SD34	P62576	67	2.903E-03	0.900	4.777E-01	0.100	3.026E-01
G8SD34	P08581	55	2.903E-03	0.632	3.740E-01	0.076	2.633E-01
G8SD34	Q9VR91	47	7.197E-02	0.382	5.480E-01	0.141	2.909E-01
G8SD34	B9KBV1	41	1.112E-01	0.233	3.978E-01	0.117	3.463E-01
G8SD34	P45796	39	6.113E-02	0.196	3.835E-01	0.092	2.723E-01
G8SD34	Q8WWR8	34	2.295E-02	0.126	2.909E-01	0.126	2.032E-01
G8SD34	P36913	18	1.515E+00	0.020	3.156E-01	0.098	2.665E-01
G8SD34	Q8EJM6	17	2.100E+00	0.016	3.792E-01	0.142	2.524E-01
G8SD34	P00691	15	3.888E-01	0.011	1.526E-01	0.109	2.047E-01
G8SD34	P26225	15	8.947E-02	0.011	1.028E-01	0.116	1.762E-01
G8SD34	P97687	12	2.100E+00	0.008	2.209E-01	0.080	2.128E-01
G8SD34	Q9BZ23	12	5.905E+00	0.008	5.334E-01	0.066	1.921E-01
G8SD34	Q10423	11	3.427E+00	0.007	3.090E-01	0.070	1.896E-01
G8SD34	Q99638	11	9.286E-01	0.007	1.519E-01	0.099	1.701E-01
G8SD34	B3PF24	11	7.750E+00	0.007	4.004E-01	0.188	2.869E-01
G8SD34	P76261	11	7.340E+00	0.007	3.601E-01	0.123	2.909E-01
G8SD34	A0A191T6Q6	10	7.340E+00	0.000	3.264E-01	0.101	3.136E-01
G8SD34	P49610	10	4.833E-01	0.000	1.182E-01	0.080	1.369E-01
G8SD34	Q8PW90	9	4.750E+00	0.000	2.365E-01	0.089	2.051E-01
G8SD34	P39848	9	6.584E+00	0.000	3.668E-01	0.093	1.944E-01
G8SD34	H2L045	8	4.750E+00	0.000	2.178E-01	0.105	1.820E-01
G8SD34	Q8WYB5	8	8.639E+00	0.000	2.493E-01	0.127	3.342E-01
G8SD34	Q8TFH7	7	7.750E+00	0.000	3.128E-01	0.095	1.752E-01
G8SD34	Q44233	7	5.593E+00	0.000	1.822E-01	0.144	1.982E-01
G8SD34	P18296	7	6.584E+00	0.000	2.140E-01	0.080	2.018E-01
G8SD34	D4AZ24	4	7.340E+00	0.000	1.232E-01	0.080	1.584E-01
Q6LWZ3	O32865	58	6.016E-02	0.720	5.138E-01	0.148	3.752E-01
Q6LWZ3	Q823P5	19	1.093E+00	0.024	2.682E-01	0.129	2.645E-01
Q6LWZ3	O99824	18	7.705E-01	0.020	2.076E-01	0.121	2.574E-01
Q6LWZ3	A0QZ13	15	1.335E+00	0.011	2.048E-01	0.120	2.467E-01
Q6LWZ3	P42517	11	5.151E+00	0.007	2.447E-01	0.106	2.555E-01
Q6LWZ3	A0QU81	9	5.984E+00	0.000	2.020E-01	0.110	2.544E-01
Q6LWZ3	O84282	9	6.613E+00	0.000	2.330E-01	0.108	2.555E-01
Q6LWZ3	A0A0D1DWQ2	9	6.613E+00	0.000	2.553E-01	0.104	2.507E-01
Q6LWZ3	Q03018	7	8.489E+00	0.000	1.939E-01	0.087	2.602E-01
Q8R753	Q54PA9	1727	3.401E-43	1.000	9.797E-01	0.560	9.217E-01
Q8R753	B8GZV1	1661	1.029E-41	1.000	9.746E-01	0.556	9.176E-01
Q8R753	Q9HN88	806	6.431E-24	1.000	8.659E-01	0.280	7.171E-01
Q8R753	Q9XGA0	767	7.958E-23	1.000	8.673E-01	0.258	7.078E-01
Q8R753	O22018	43	1.259E-02	0.277	2.721E-01	0.086	3.255E-01
Q8R753	Q3U4H6	29	4.816E-02	0.082	2.030E-01	0.075	2.831E-01
Q8R753	O33407	29	3.604E-01	0.082	3.708E-01	0.104	3.135E-01
Q8R753	E0XKJ9	25	5.696E-02	0.057	1.671E-01	0.077	2.739E-01
Q8R753	Q92451	24	3.811E-01	0.051	2.766E-01	0.080	2.817E-01
Q8R753	B4U701	23	3.604E-01	0.045	2.297E-01	0.115	3.050E-01
Q8R753	P0DN21	23	3.811E-01	0.045	2.961E-01	0.097	2.455E-01
Q8R753	P41131	23	5.960E-01	0.045	3.027E-01	0.132	3.112E-01
Q8R753	G4FEF4	23	1.928E+00	0.045	4.769E-01	0.071	3.435E-01
Q8R753	F9VN79	22	8.814E-01	0.040	3.682E-01	0.067	2.652E-01
Q8R753	Q1Q7Z7	21	5.636E-01	0.034	2.786E-01	0.123	2.650E-01
Q8R753	Q96YM5	20	8.814E-01	0.029	3.351E-01	0.124	2.492E-01
Q8R753	A4YHV8	19	7.453E-01	0.024	2.548E-01	0.094	2.748E-01
Q8R753	P80187	19	1.458E+00	0.024	3.168E-01	0.093	2.975E-01
Q8R753	Q8I4R4	19	5.329E-01	0.024	2.297E-01	0.122	2.628E-01
Q8R753	A8GAD1	19	6.302E-01	0.024	2.806E-01	0.060	2.298E-01
Q8R753	P49424	19	5.329E-01	0.024	2.069E-01	0.101	2.847E-01
Q8R753	D7CFN7	18	3.188E+00	0.020	4.849E-01	0.097	3.071E-01
Q8R753	Q9K838	18	3.408E-01	0.020	1.708E-01	0.108	2.665E-01
Q8R753	Q8TEK3	15	2.039E+00	0.011	2.654E-01	0.116	2.798E-01
Q8R753	P18952	13	2.156E+00	0.009	2.797E-01	0.128	2.312E-01
Q8R753	Q8K9B8	13	1.928E+00	0.009	2.085E-01	0.106	2.688E-01
Q8R753	Q9NX78	13	4.459E+00	0.009	3.706E-01	0.148	2.652E-01
Q8R753	Q8WPJ2	12	2.851E+00	0.008	2.252E-01	0.090	2.571E-01
Q8R753	P37646	11	5.896E+00	0.007	3.173E-01	0.063	2.881E-01
Q8R753	A2STA4	11	2.851E+00	0.007	1.877E-01	0.101	2.591E-01
Q8R753	Q970N1	10	3.987E+00	0.000	2.418E-01	0.081	2.437E-01
Q8R753	Q126M1	10	3.372E+00	0.000	2.085E-01	0.114	2.452E-01
Q8R753	Q96DB2	9	4.459E+00	0.000	1.887E-01	0.070	2.591E-01
Q8R753	B3ETH8	8	6.972E+00	0.000	2.538E-01	0.112	2.689E-01
Q8R753	A7I3S0	6	7.372E+00	0.000	1.795E-01	0.064	2.476E-01
B5EGY0	Q9WYH1	21	8.290E-01	0.034	3.452E-01	0.098	3.254E-01
B5EGY0	P17906	20	7.777E-01	0.029	3.970E-01	0.089	2.654E-01
B5EGY0	I6Y2J4	17	1.674E+00	0.016	3.673E-01	0.142	3.062E-01
B5EGY0	P54493	17	1.296E+00	0.016	2.940E-01	0.139	3.427E-01
B5EGY0	Q96DB2	16	1.674E+00	0.014	2.868E-01	0.138	3.528E-01
B5EGY0	Q9C5E5	14	1.473E+00	0.010	2.813E-01	0.135	2.458E-01
B5EGY0	Q96YM5	11	4.956E+00	0.007	4.697E-01	0.060	2.308E-01
B5EGY0	A7LXU0	11	6.820E+00	0.007	6.981E-01	0.125	2.256E-01
B5EGY0	Q8ZNT5	8	6.002E+00	0.000	2.374E-01	0.090	2.926E-01
B5EGY0	Q9KG76	8	8.802E+00	0.000	4.384E-01	0.050	2.455E-01
B5EGY0	Q92IC3	7	4.650E+00	0.000	2.336E-01	0.224	2.022E-01
B5EGY0	P23179	7	6.002E+00	0.000	2.804E-01	0.146	2.010E-01
B5EGY0	E7DDH2	7	4.956E+00	0.000	2.582E-01	0.043	1.746E-01
B5EGY0	P63883	6	9.998E+00	0.000	3.255E-01	0.107	2.227E-01
O01326	Q6KHN3	401	7.362E-11	1.000	6.502E-01	0.224	6.559E-01
O01326	Q83FY2	333	1.853E-09	1.000	5.924E-01	0.288	6.403E-01
O01326	P22192	224	7.222E-07	1.000	5.161E-01	0.244	5.895E-01
O01326	Q196V9	192	6.023E-06	1.000	5.742E-01	0.193	5.018E-01
O01326	Q59639	29	3.295E+00	0.082	6.452E-01	0.192	3.744E-01
O01326	Q54IF7	24	3.443E+00	0.051	4.718E-01	0.121	3.694E-01
O01326	Q9WYH1	18	2.886E+00	0.020	3.336E-01	0.134	2.583E-01
O01326	Q6R9F9	14	2.214E+00	0.010	1.632E-01	0.076	2.670E-01
O01326	F1SVE4	11	3.016E+00	0.007	1.566E-01	0.102	2.182E-01
O01326	P19487	11	8.705E+00	0.007	3.856E-01	0.083	2.175E-01
O01326	Q59NR8	9	5.125E+00	0.000	1.206E-01	0.086	2.742E-01
O01326	Q11HB8	8	8.329E+00	0.000	1.867E-01	0.128	2.597E-01
O01326	P26225	7	4.691E+00	0.000	1.066E-01	0.091	1.866E-01
O01326	Q5IBC5	7	5.356E+00	0.000	1.110E-01	0.095	2.373E-01
O01326	Q8ZVM0	6	9.936E+00	0.000	1.594E-01	0.113	2.102E-01
O01326	Q8EJM6	6	7.970E+00	0.000	1.597E-01	0.073	1.604E-01
O01326	D4AXL1	5	5.851E+00	0.000	1.041E-01	0.071	1.491E-01
Q8C0T9	O74539	379	1.854E-16	1.000	2.832E-01	0.110	4.655E-01
Q8C0T9	Q03101	283	9.960E-07	1.000	7.454E-01	0.161	5.076E-01
Q8C0T9	Q553Y7	267	1.035E-06	1.000	6.703E-01	0.078	5.049E-01
Q8C0T9	Q9XU42	226	1.155E-05	1.000	7.166E-01	0.139	4.532E-01
Q8C0T9	P43524	223	8.837E-06	1.000	6.757E-01	0.174	4.536E-01
Q8C0T9	Q5AGZ9	94	9.773E-03	0.998	5.197E-01	0.092	3.522E-01
Q8C0T9	P18296	87	7.511E-04	0.994	2.857E-01	0.117	3.231E-01
Q8C0T9	Q03018	66	1.016E-02	0.887	2.874E-01	0.110	3.201E-01
Q8C0T9	Q5IBC5	63	1.236E-03	0.837	1.751E-01	0.088	3.077E-01
Q8C0T9	Q9HT84	54	8.631E-01	0.601	6.737E-01	0.149	4.093E-01
Q8C0T9	O52951	52	4.677E-01	0.537	5.374E-01	0.119	3.542E-01
Q8C0T9	P75438	48	1.373E-01	0.411	3.199E-01	0.097	3.154E-01
Q8C0T9	G5ED39	48	8.346E-02	0.411	2.986E-01	0.107	2.923E-01
Q8C0T9	P28631	41	5.049E-01	0.233	3.832E-01	0.094	3.258E-01
Q8C0T9	P97443	39	1.086E+00	0.196	4.214E-01	0.126	3.851E-01
Q8C0T9	Q9WTR2	39	8.968E-01	0.196	4.689E-01	0.127	3.156E-01
Q8C0T9	P37297	31	4.882E-02	0.098	1.182E-01	0.093	2.663E-01
Q8C0T9	O96720	30	2.427E+00	0.090	4.964E-01	0.095	3.098E-01
Q8C0T9	Q21Z99	25	8.968E-01	0.057	2.244E-01	0.068	2.752E-01
Q8C0T9	P54493	23	5.885E-01	0.045	1.554E-01	0.102	2.720E-01
Q8C0T9	Q9NX78	20	1.086E+00	0.029	1.770E-01	0.075	2.488E-01
Q8C0T9	B3ETH8	18	7.655E+00	0.020	5.151E-01	0.074	2.953E-01
Q8C0T9	O34779	16	3.843E+00	0.014	2.946E-01	0.092	2.096E-01
Q8C0T9	Q9KG76	16	5.636E+00	0.014	3.149E-01	0.100	2.892E-01
Q8C0T9	B4XVN1	14	2.940E+00	0.010	1.879E-01	0.090	2.227E-01
Q8C0T9	P44888	14	2.248E+00	0.010	1.224E-01	0.114	2.597E-01
Q8C0T9	P53349	13	5.856E+00	0.009	2.100E-01	0.082	2.863E-01
Q8C0T9	Q54VQ7	12	3.297E+00	0.008	1.275E-01	0.079	2.465E-01
Q8C0T9	O32865	11	6.569E+00	0.007	1.791E-01	0.108	2.995E-01
Q8C0T9	Q9KFH7	9	5.425E+00	0.000	1.379E-01	0.105	2.165E-01
Q8C0T9	O52195	9	6.085E+00	0.000	1.380E-01	0.107	2.287E-01
Q8C0T9	Q59119	9	7.368E+00	0.000	1.914E-01	0.086	2.262E-01
Q8C0T9	P70954	7	9.268E+00	0.000	1.327E-01	0.106	2.594E-01
Q8C0T9	Q0VMA8	7	7.091E+00	0.000	1.053E-01	0.094	2.180E-01
Q5W6G0	Q8WPJ2	279	1.402E-11	1.000	6.041E-01	0.129	4.627E-01
Q5W6G0	B3PF24	226	1.460E-10	1.000	5.127E-01	0.141	4.224E-01
Q5W6G0	P19487	219	8.241E-09	1.000	6.078E-01	0.137	4.670E-01
Q5W6G0	B4XVN1	192	2.624E-09	1.000	5.264E-01	0.129	3.753E-01
Q5W6G0	O80596	162	9.976E-07	1.000	6.390E-01	0.114	3.933E-01
Q5W6G0	Q3U4H6	140	3.897E-06	1.000	5.667E-01	0.103	3.923E-01
Q5W6G0	P49424	129	2.260E-06	1.000	4.912E-01	0.099	3.592E-01
Q5W6G0	A7FH78	129	5.049E-05	1.000	6.735E-01	0.123	3.927E-01
Q5W6G0	P29126	122	8.826E-06	1.000	4.968E-01	0.085	3.749E-01
Q5W6G0	P36913	103	2.772E-05	1.000	4.733E-01	0.108	3.269E-01
Q5W6G0	P49610	94	1.025E-04	0.998	4.266E-01	0.101	3.660E-01
Q5W6G0	B2UPR7	92	8.708E-05	0.997	4.385E-01	0.111	3.367E-01
Q5W6G0	E0XKJ9	85	9.196E-05	0.992	4.077E-01	0.101	3.070E-01
Q5W6G0	B4U701	83	1.191E-03	0.990	5.721E-01	0.090	3.234E-01
Q5W6G0	Q44233	83	5.555E-04	0.990	4.950E-01	0.118	3.279E-01
Q5W6G0	P41131	82	3.221E-04	0.988	4.309E-01	0.070	3.314E-01
Q5W6G0	Q5BA89	82	8.135E-04	0.988	5.308E-01	0.110	3.197E-01
Q5W6G0	P0C7A1	77	7.002E-05	0.975	3.383E-01	0.107	2.923E-01
Q5W6G0	Q92451	76	6.195E-04	0.971	4.457E-01	0.125	3.115E-01
Q5W6G0	D7CFN7	75	4.173E-03	0.967	5.748E-01	0.125	3.399E-01
Q5W6G0	P49425	73	1.482E-03	0.956	4.885E-01	0.085	3.083E-01
Q5W6G0	G4FEF4	72	2.850E-03	0.949	5.034E-01	0.080	3.306E-01
Q5W6G0	P00691	65	1.191E-03	0.872	3.605E-01	0.102	3.210E-01
Q5W6G0	Q9HLV9	61	7.601E-03	0.795	4.912E-01	0.071	2.996E-01
Q5W6G0	A0A191T6Q6	60	3.544E-03	0.772	3.905E-01	0.095	3.084E-01
Q5W6G0	O42918	29	3.093E-01	0.082	3.935E-01	0.081	2.573E-01
Q5W6G0	Q9K838	24	1.366E-01	0.051	2.174E-01	0.077	2.399E-01
Q5W6G0	Q10423	23	1.523E-01	0.045	2.202E-01	0.068	2.311E-01
Q5W6G0	P76261	23	4.784E-01	0.045	3.429E-01	0.096	2.328E-01
Q5W6G0	Q8EJM6	23	6.634E-01	0.045	3.441E-01	0.063	2.595E-01
Q5W6G0	A5WDG8	22	1.770E+00	0.040	5.128E-01	0.130	2.692E-01
Q5W6G0	Q0WL81	20	1.608E-01	0.029	1.566E-01	0.106	2.374E-01
Q5W6G0	F9VN79	19	1.973E+00	0.024	4.247E-01	0.102	2.788E-01
Q5W6G0	P27061	19	6.282E-01	0.024	2.629E-01	0.102	2.329E-01
Q5W6G0	Q54X15	18	7.813E-01	0.020	2.313E-01	0.111	2.745E-01
Q5W6G0	P26876	16	9.716E-01	0.014	2.434E-01	0.100	2.171E-01
Q5W6G0	Q8S1D9	12	4.008E+00	0.008	3.721E-01	0.105	2.018E-01
Q5W6G0	Q21Z99	12	3.052E+00	0.008	2.126E-01	0.097	2.796E-01
Q5W6G0	A0ALG5	11	2.084E+00	0.007	2.239E-01	0.114	1.825E-01
Q5W6G0	P0DX85	11	2.454E+00	0.007	1.943E-01	0.101	2.169E-01
Q5W6G0	B3ETH8	10	2.201E+00	0.000	1.947E-01	0.098	1.805E-01
Q5W6G0	A2STA4	10	3.052E+00	0.000	2.210E-01	0.088	2.156E-01
Q5W6G0	Q126M1	10	1.770E+00	0.000	1.177E-01	0.076	2.622E-01
Q5W6G0	P49158	9	5.869E+00	0.000	2.238E-01	0.094	2.668E-01
Q5W6G0	Q48H61	8	3.403E+00	0.000	1.828E-01	0.140	1.788E-01
Q5W6G0	Q86DA5	7	6.910E+00	0.000	1.717E-01	0.081	2.738E-01
Q58819	Q9P6Y2	349	1.409E-11	1.000	8.499E-01	0.238	6.825E-01
Q58819	Q8BMZ5	304	3.253E-10	1.000	8.214E-01	0.132	6.748E-01
Q58819	P39707	256	1.700E-08	1.000	8.466E-01	0.196	6.512E-01
Q58819	Q8TFH7	254	3.055E-10	1.000	7.186E-01	0.222	5.342E-01
Q58819	Q97TX9	62	1.027E-02	0.817	5.061E-01	0.111	4.289E-01
Q58819	Q98RC3	42	9.247E-02	0.254	4.834E-01	0.094	3.771E-01
Q58819	Q9YCL9	38	3.839E-02	0.179	3.251E-01	0.148	3.523E-01
Q58819	P10297	28	1.005E+00	0.076	5.303E-01	0.086	4.046E-01
Q58819	Q57822	26	4.732E-01	0.063	3.922E-01	0.127	3.406E-01
Q58819	Q44233	25	1.292E+00	0.057	5.506E-01	0.101	3.611E-01
Q58819	P47330	23	2.274E+00	0.045	5.664E-01	0.169	4.253E-01
Q58819	Q57877	20	1.005E+00	0.029	3.306E-01	0.083	3.582E-01
Q58819	B0RTZ8	20	6.083E-01	0.029	3.068E-01	0.158	2.993E-01
Q58819	P23179	20	1.465E+00	0.029	4.003E-01	0.082	3.343E-01
Q58819	Q9K838	20	2.421E+00	0.029	5.469E-01	0.100	3.563E-01
Q58819	C4L0S9	19	1.292E+00	0.024	3.199E-01	0.064	3.502E-01
Q58819	P33562	18	8.326E-01	0.020	2.880E-01	0.113	2.904E-01
Q58819	Q3U4H6	18	3.314E+00	0.020	6.345E-01	0.166	3.222E-01
Q58819	P25892	17	3.529E+00	0.016	4.807E-01	0.083	3.925E-01
Q58819	Q11HB8	17	6.897E-01	0.016	2.513E-01	0.122	2.860E-01
Q58819	O42918	16	6.611E+00	0.014	7.779E-01	0.157	3.703E-01
Q58819	Q06508	15	4.260E+00	0.011	4.251E-01	0.103	3.736E-01
Q58819	Q8ECH7	14	2.274E+00	0.010	2.956E-01	0.081	3.269E-01
Q58819	Q2EEX9	14	5.143E+00	0.010	5.443E-01	0.200	3.174E-01
Q58819	P0A1F0	13	6.611E+00	0.009	4.569E-01	0.134	4.129E-01
Q58819	G4FEF4	13	7.980E+00	0.009	7.063E-01	0.130	3.528E-01
Q58819	Q5SHZ3	11	3.529E+00	0.007	3.163E-01	0.132	2.688E-01
Q58819	Q31HD6	11	3.314E+00	0.007	3.370E-01	0.078	2.378E-01
Q58819	P19593	11	7.039E+00	0.007	4.429E-01	0.125	3.083E-01
Q58819	Q9WTR2	11	8.496E+00	0.007	4.960E-01	0.200	3.800E-01
Q58819	O80612	10	3.529E+00	0.000	2.174E-01	0.141	2.798E-01
Q58819	A1ASL7	9	2.006E+00	0.000	1.659E-01	0.109	2.336E-01
Q58819	Q58844	9	6.209E+00	0.000	3.262E-01	0.156	2.988E-01
Q58819	P0ABE9	8	3.314E+00	0.000	2.403E-01	0.216	1.904E-01
Q58819	Q9HN88	8	9.046E+00	0.000	3.611E-01	0.148	2.901E-01
Q58819	Q04804	8	4.830E+00	0.000	2.507E-01	0.089	2.204E-01
Q58819	Q5E2G4	7	4.001E+00	0.000	1.586E-01	0.119	2.386E-01
Q58819	O22018	7	9.046E+00	0.000	2.494E-01	0.096	2.945E-01
Q58819	Q9HLV9	5	9.631E+00	0.000	1.914E-01	0.092	2.699E-01
Q58819	Q8K0L2	5	7.495E+00	0.000	2.082E-01	0.129	1.822E-01
Q9ZVX1	F4HPP7	1017	2.616E-28	1.000	8.723E-01	0.429	7.431E-01
Q9ZVX1	Q54XS6	214	4.852E-07	1.000	7.584E-01	0.207	5.078E-01
Q9ZVX1	Q93571	89	1.685E-03	0.996	4.496E-01	0.102	4.846E-01
Q9ZVX1	A3DNB5	21	4.253E+00	0.034	6.621E-01	0.135	3.384E-01
Q9ZVX1	P62576	17	2.151E-01	0.016	8.845E-02	0.100	3.251E-01
Q9ZVX1	Q8MLZ3	12	2.244E+00	0.008	1.303E-01	0.078	3.933E-01
Q9ZVX1	P80734	11	6.175E+00	0.007	3.801E-01	0.169	2.472E-01
Q9ZVX1	H2L045	11	5.614E-01	0.007	5.354E-02	0.119	3.803E-01
Q9ZVX1	P41773	10	2.496E+00	0.000	2.062E-01	0.124	1.840E-01
Q9ZVX1	O60674	8	4.486E+00	0.000	2.286E-01	0.121	1.773E-01
Q9ZVX1	P37297	8	8.058E+00	0.000	3.013E-01	0.121	2.252E-01
Q9ZVX1	F1QG30	7	7.244E+00	0.000	1.367E-01	0.095	3.240E-01
Q9ZVX1	P43254	7	2.496E+00	0.000	1.012E-01	0.082	1.809E-01
Q9ZVX1	B1VKF0	7	7.640E+00	0.000	2.269E-01	0.160	2.421E-01
Q9ZVX1	Q3U487	7	8.058E+00	0.000	2.780E-01	0.138	2.019E-01
Q9ZVX1	Q9WYH1	6	5.263E+00	0.000	1.901E-01	0.151	1.399E-01
Q9ZVX1	P34697	5	6.513E+00	0.000	1.240E-01	0.125	1.570E-01
Q9ZVX1	Q25197	4	7.244E+00	0.000	6.623E-02	0.099	2.740E-01
O25533	Q7MS38	990	2.402E-27	1.000	9.649E-01	0.406	8.575E-01
O25533	A7I3S0	835	3.337E-24	1.000	9.291E-01	0.364	8.017E-01
O25533	O80612	57	3.240E-03	0.692	3.996E-01	0.094	3.215E-01
O25533	Q9BZ23	55	7.049E-03	0.632	4.049E-01	0.099	3.465E-01
O25533	Q8K0L2	31	2.069E-02	0.098	2.318E-01	0.122	2.534E-01
O25533	Q10423	24	2.008E-01	0.051	2.875E-01	0.096	2.601E-01
O25533	Q59119	23	1.781E-01	0.045	2.079E-01	0.079	3.001E-01
O25533	Q3SKJ2	17	5.892E-01	0.016	2.574E-01	0.136	2.346E-01
O25533	P26876	16	3.544E+00	0.014	4.755E-01	0.250	3.142E-01
O25533	Q8PW90	14	1.282E+00	0.010	2.453E-01	0.123	2.262E-01
O25533	Q0DVX2	14	8.435E-01	0.010	1.879E-01	0.073	2.579E-01
O25533	C1L2D3	13	1.534E+00	0.009	1.897E-01	0.054	2.857E-01
O25533	Q96DB2	13	2.332E+00	0.009	2.541E-01	0.111	2.905E-01
O25533	P50828	13	8.435E-01	0.009	1.710E-01	0.097	2.307E-01
O25533	Q55AX2	13	1.949E+00	0.009	2.583E-01	0.105	2.388E-01
O25533	Q12923	12	3.994E+00	0.008	3.612E-01	0.110	2.487E-01
O25533	F9VN79	11	3.144E+00	0.007	2.704E-01	0.100	2.600E-01
O25533	A7LXU0	11	7.261E+00	0.007	5.529E-01	0.137	2.391E-01
O25533	B1Q3J6	11	2.628E+00	0.007	1.933E-01	0.099	2.731E-01
O25533	Q9UX83	10	6.069E+00	0.000	2.942E-01	0.090	2.952E-01
O25533	Q59728	10	4.779E+00	0.000	2.827E-01	0.095	2.921E-01
O25533	Q9KVK6	10	1.534E+00	0.000	1.345E-01	0.118	2.573E-01
O25533	B4XVN1	10	4.501E+00	0.000	2.801E-01	0.123	2.833E-01
O25533	P76261	10	3.994E+00	0.000	2.646E-01	0.128	2.590E-01
O25533	Q8EJM6	10	2.475E+00	0.000	1.761E-01	0.097	2.530E-01
O25533	P25265	9	3.994E+00	0.000	2.887E-01	0.122	1.761E-01
O25533	P19487	9	4.501E+00	0.000	2.291E-01	0.118	2.714E-01
O25533	Q9M548	9	8.183E+00	0.000	4.346E-01	0.166	2.558E-01
O25533	Q8TEK3	9	4.240E+00	0.000	2.348E-01	0.113	2.501E-01
O25533	Q51645	8	7.261E+00	0.000	2.930E-01	0.204	2.482E-01
O25533	Q06508	8	9.787E+00	0.000	6.144E-01	0.117	1.738E-01
O25533	Q8ZNT5	8	7.261E+00	0.000	3.000E-01	0.208	2.425E-01
O25533	A2BN08	7	6.443E+00	0.000	1.723E-01	0.082	2.635E-01
O25533	P08581	7	4.240E+00	0.000	1.700E-01	0.125	1.887E-01
O25533	Q9HN88	6	8.183E+00	0.000	2.204E-01	0.076	2.303E-01
O25533	P33562	6	4.501E+00	0.000	1.041E-01	0.080	2.314E-01
O25533	P25201	6	7.261E+00	0.000	2.244E-01	0.095	1.854E-01
O25533	Q8WPJ2	5	5.717E+00	0.000	1.385E-01	0.108	1.840E-01
Q54YH4	O74539	755	4.406E-31	1.000	5.194E-01	0.129	6.036E-01
Q54YH4	Q04804	340	3.290E-12	1.000	6.710E-01	0.195	5.621E-01
Q54YH4	Q9HWR3	306	9.952E-14	1.000	4.754E-01	0.151	5.177E-01
Q54YH4	P70954	204	9.110E-09	1.000	4.909E-01	0.138	5.096E-01
Q54YH4	O07014	142	3.549E-07	1.000	3.783E-01	0.141	4.588E-01
Q54YH4	Q8ZVM0	105	1.607E-03	1.000	7.000E-01	0.143	4.537E-01
Q54YH4	Q8EJM6	75	4.357E-05	0.967	2.576E-01	0.086	3.471E-01
Q54YH4	Q5V1K0	67	5.314E-02	0.900	7.154E-01	0.129	4.138E-01
Q54YH4	Q54VQ7	49	2.539E-06	0.442	5.547E-02	0.108	4.771E-01
Q54YH4	P43524	41	1.283E-02	0.233	2.273E-01	0.109	3.315E-01
Q54YH4	Q9Z913	38	8.633E-01	0.179	6.444E-01	0.137	4.213E-01
Q54YH4	P63883	31	1.881E-02	0.098	1.795E-01	0.089	2.708E-01
Q54YH4	Q4FMW8	31	1.491E+00	0.098	6.162E-01	0.127	4.069E-01
Q54YH4	Q2RJD5	26	1.960E+00	0.063	5.481E-01	0.110	3.704E-01
Q54YH4	Q553Y7	26	8.284E-03	0.063	6.265E-02	0.119	4.444E-01
Q54YH4	Q48H61	24	9.630E-01	0.051	3.935E-01	0.100	3.018E-01
Q54YH4	Q6FJZ5	21	1.412E+00	0.034	4.076E-01	0.089	2.733E-01
Q54YH4	Q6MLD2	21	4.699E+00	0.034	6.559E-01	0.085	4.094E-01
Q54YH4	Q8U1L4	20	1.337E+00	0.029	2.908E-01	0.080	3.419E-01
Q54YH4	O45870	19	1.856E+00	0.024	3.057E-01	0.136	3.734E-01
Q54YH4	I6Y2J4	19	4.480E-01	0.024	1.958E-01	0.105	2.693E-01
Q54YH4	B4XVN1	19	5.888E-01	0.024	2.961E-01	0.119	2.104E-01
Q54YH4	Q8K9B8	18	2.309E+00	0.020	3.322E-01	0.137	3.301E-01
Q54YH4	A5FR85	17	2.439E+00	0.016	3.375E-01	0.103	3.017E-01
Q54YH4	Q96G75	17	4.699E+00	0.016	4.145E-01	0.183	4.253E-01
Q54YH4	P26225	17	1.412E+00	0.016	2.992E-01	0.111	2.391E-01
Q54YH4	Q8ZNT5	16	1.198E+00	0.014	2.054E-01	0.112	2.890E-01
Q54YH4	P25615	15	3.035E+00	0.011	2.269E-01	0.091	4.378E-01
Q54YH4	P9WPJ7	14	3.576E+00	0.010	3.582E-01	0.133	2.749E-01
Q54YH4	Q9HN88	14	1.575E+00	0.010	2.141E-01	0.075	2.500E-01
Q54YH4	Q8CXQ3	12	4.213E+00	0.008	3.397E-01	0.100	2.546E-01
Q54YH4	Q504Y2	12	1.412E+00	0.008	1.758E-01	0.093	2.078E-01
Q54YH4	P18106	12	1.663E+00	0.008	7.472E-02	0.112	5.429E-01
Q54YH4	P54427	9	3.205E+00	0.000	2.127E-01	0.216	1.921E-01
Q54YH4	P19487	9	4.963E+00	0.000	2.811E-01	0.115	2.035E-01
Q54YH4	P33562	8	6.176E+00	0.000	2.265E-01	0.072	2.375E-01
Q54YH4	O33407	6	6.889E+00	0.000	2.653E-01	0.012	1.300E-01
A2BQ15	B1VKF0	229	1.596E-07	1.000	8.043E-01	0.158	5.400E-01
A2BQ15	P49158	217	1.887E-07	1.000	7.164E-01	0.144	5.527E-01
A2BQ15	Q97DB1	216	2.789E-07	1.000	7.231E-01	0.140	5.649E-01
A2BQ15	A5WDG8	205	4.610E-07	1.000	6.985E-01	0.147	5.551E-01
A2BQ15	P54493	21	7.460E-01	0.034	3.440E-01	0.103	2.481E-01
A2BQ15	Q6BMM5	21	7.055E-01	0.034	3.204E-01	0.117	2.589E-01
A2BQ15	P18952	20	2.309E-01	0.029	2.115E-01	0.148	2.227E-01
A2BQ15	Q10313	20	9.327E-01	0.029	2.759E-01	0.118	3.136E-01
A2BQ15	Q83FY2	18	8.821E-01	0.020	2.707E-01	0.076	2.457E-01
A2BQ15	Q59119	17	1.379E+00	0.016	3.204E-01	0.109	2.324E-01
A2BQ15	Q50983	15	9.327E-01	0.011	2.442E-01	0.095	2.064E-01
A2BQ15	Q8KBF9	14	2.730E-01	0.010	1.285E-01	0.110	1.941E-01
A2BQ15	Q126M1	13	1.043E+00	0.009	2.088E-01	0.114	1.916E-01
A2BQ15	Q9K838	13	3.187E+00	0.009	3.380E-01	0.136	2.365E-01
A2BQ15	Q8I4R4	12	2.549E+00	0.008	2.655E-01	0.122	2.337E-01
A2BQ15	Q8WPJ2	11	3.187E+00	0.007	2.635E-01	0.078	2.208E-01
A2BQ15	Q59NR8	11	7.362E+00	0.007	3.232E-01	0.082	3.518E-01
A2BQ15	Q8BZT7	11	4.455E+00	0.007	3.008E-01	0.123	2.558E-01
A2BQ15	Q7SYN4	10	3.370E+00	0.000	2.296E-01	0.114	2.273E-01
A2BQ15	Q21Z99	10	4.455E+00	0.000	2.353E-01	0.109	2.517E-01
A2BQ15	Q86DA5	10	4.711E+00	0.000	2.490E-01	0.047	2.507E-01
A2BQ15	P18161	9	7.785E+00	0.000	3.743E-01	0.098	2.374E-01
A2BQ15	P37646	8	5.570E+00	0.000	2.291E-01	0.120	2.337E-01
A2BQ15	A2STA4	8	2.695E+00	0.000	1.534E-01	0.100	1.827E-01
A2BQ15	P19487	8	5.889E+00	0.000	1.994E-01	0.095	2.757E-01
A2BQ15	Q0WL81	8	5.889E+00	0.000	1.849E-01	0.096	2.563E-01
A2BQ15	Q2RRV2	7	7.785E+00	0.000	2.428E-01	0.067	2.098E-01
A2BQ15	Q53728	7	5.889E+00	0.000	2.030E-01	0.141	2.044E-01
A2BQ15	Q9HLV9	6	9.202E+00	0.000	2.480E-01	0.108	2.249E-01
A2BQ15	Q92451	6	6.963E+00	0.000	1.966E-01	0.073	1.794E-01
A2BQ15	Q8K0L2	4	9.729E+00	0.000	1.258E-01	0.095	1.951E-01
O74831	C7C422	20	1.258E+00	0.029	2.666E-01	0.108	4.027E-01
O74831	G4FEF4	18	1.499E+00	0.020	3.270E-01	0.132	2.867E-01
O74831	Q9KG76	18	2.005E+00	0.020	4.132E-01	0.098	2.931E-01
O74831	O80612	17	8.373E-01	0.016	1.880E-01	0.142	3.409E-01
O74831	Q54XS6	16	1.785E+00	0.014	3.130E-01	0.090	2.820E-01
O74831	C1L2D3	16	1.892E+00	0.014	2.858E-01	0.103	3.161E-01
O74831	Q8ZNT5	12	4.529E+00	0.008	3.261E-01	0.113	3.050E-01
O74831	Q49GP5	11	4.273E+00	0.007	1.941E-01	0.103	4.129E-01
O74831	Q9VR91	11	4.529E+00	0.007	1.728E-01	0.107	4.732E-01
O74831	Q9WYH1	10	2.388E+00	0.000	1.582E-01	0.094	2.549E-01
O74831	P54493	10	5.393E+00	0.000	3.600E-01	0.169	2.066E-01
O74831	Q9WTR2	10	3.588E+00	0.000	2.096E-01	0.097	2.557E-01
O74831	P18106	10	3.386E+00	0.000	1.477E-01	0.083	3.998E-01
O74831	Q8KBF9	9	3.194E+00	0.000	1.788E-01	0.085	2.482E-01
O74831	Q5BMR2	7	7.646E+00	0.000	1.501E-01	0.100	3.917E-01
P40399	O07014	709	3.102E-22	1.000	7.905E-01	0.207	6.761E-01
P40399	P17906	449	3.429E-14	1.000	8.380E-01	0.201	5.991E-01
P40399	O34779	361	4.089E-12	1.000	7.662E-01	0.174	5.707E-01
P40399	Q8WY54	230	7.612E-09	1.000	6.445E-01	0.115	4.887E-01
P40399	Q84T94	114	3.414E-05	1.000	4.936E-01	0.109	4.010E-01
P40399	A0A3R0A696	20	7.134E-01	0.029	2.757E-01	0.130	2.661E-01
P40399	Q9HWR3	17	1.306E+00	0.016	2.025E-01	0.099	3.432E-01
P40399	Q04804	15	1.627E+00	0.011	1.859E-01	0.116	3.317E-01
P40399	P40136	15	1.048E+00	0.011	2.359E-01	0.085	2.182E-01
P40399	P70954	14	1.458E+00	0.010	1.618E-01	0.114	3.306E-01
P40399	Q59639	12	1.380E+00	0.008	2.061E-01	0.119	1.777E-01
P40399	Q92451	12	3.324E+00	0.008	3.128E-01	0.022	2.307E-01
P40399	D4AZ24	12	9.921E-01	0.008	1.540E-01	0.071	2.200E-01
P40399	D0CY60	11	3.710E+00	0.007	2.898E-01	0.051	2.139E-01
P40399	Q59478	11	1.236E+00	0.007	1.735E-01	0.109	1.668E-01
P40399	P35970	10	1.816E+00	0.000	1.607E-01	0.078	1.888E-01
P40399	Q11A17	9	1.458E+00	0.000	1.502E-01	0.101	1.666E-01
P40399	Q54RN1	9	3.710E+00	0.000	2.443E-01	0.059	1.715E-01
P40399	P0DTA7	9	3.512E+00	0.000	1.688E-01	0.084	2.352E-01
P40399	Q8K0L2	9	2.978E+00	0.000	1.764E-01	0.113	2.105E-01
P40399	Q9KG76	9	4.622E+00	0.000	2.644E-01	0.081	1.874E-01
P40399	Q9WTR2	9	6.789E+00	0.000	1.827E-01	0.091	3.918E-01
P40399	Q8ZVM0	8	5.159E+00	0.000	2.201E-01	0.097	2.032E-01
P40399	P27756	8	4.141E+00	0.000	2.266E-01	0.068	1.622E-01
P40399	Q7WTB3	7	3.512E+00	0.000	1.783E-01	0.070	1.623E-01
P40399	G4FEF4	7	4.141E+00	0.000	1.362E-01	0.084	1.981E-01
P40399	P18269	7	3.920E+00	0.000	1.681E-01	0.088	1.787E-01
P40399	O55716	7	5.159E+00	0.000	2.220E-01	0.048	1.618E-01
Q8IRW8	Q84WW6	382	2.213E-10	1.000	9.184E-01	0.380	7.149E-01
Q8IRW8	Q75D88	195	1.211E-16	1.000	1.508E-01	0.146	4.710E-01
Q8IRW8	Q54HS3	175	2.027E-15	1.000	1.182E-01	0.128	5.631E-01
Q8IRW8	P97443	73	1.730E-02	0.956	6.029E-01	0.138	4.351E-01
Q8IRW8	Q196V9	42	2.078E-01	0.254	4.960E-01	0.128	3.776E-01
Q8IRW8	Q83FY2	38	3.816E-01	0.179	5.343E-01	0.166	3.625E-01
Q8IRW8	Q9SGH2	26	2.042E-02	0.063	1.012E-01	0.122	3.663E-01
Q8IRW8	C7C422	18	2.001E+00	0.020	3.497E-01	0.151	2.909E-01
Q8IRW8	P39135	15	1.792E+00	0.011	3.610E-01	0.150	1.945E-01
Q8IRW8	B0RTZ8	13	8.888E+00	0.009	6.850E-01	0.030	3.075E-01
Q8IRW8	P49158	12	2.496E+00	0.008	1.137E-01	0.118	5.208E-01
Q8IRW8	Q9BYM8	11	2.496E+00	0.007	1.006E-01	0.148	4.283E-01
Q8IRW8	O07014	9	6.040E+00	0.000	2.909E-01	0.071	2.101E-01
Q8IRW8	G4FEF4	9	8.888E+00	0.000	4.310E-01	0.047	2.237E-01
Q8IRW8	O15541	8	3.883E+00	0.000	7.705E-02	0.114	4.840E-01
Q8IRW8	F9VN79	7	7.128E+00	0.000	2.203E-01	0.086	2.428E-01
Q8IRW8	Q10313	7	5.409E+00	0.000	1.368E-01	0.115	2.574E-01
Q8IRW8	P62576	6	8.888E+00	0.000	1.290E-01	0.210	4.128E-01
Q8IRW8	Q5BMR2	6	9.924E+00	0.000	9.886E-02	0.140	5.449E-01
Q8IRW8	Q1DAV2	5	6.040E+00	0.000	1.623E-01	0.107	1.380E-01
A1CE56	Q8WPJ2	171	1.427E-07	1.000	5.660E-01	0.133	3.570E-01
A1CE56	Q3U4H6	145	3.846E-06	1.000	5.984E-01	0.106	3.507E-01
A1CE56	P00691	143	3.886E-09	1.000	3.791E-01	0.096	2.677E-01
A1CE56	B3PF24	141	4.975E-06	1.000	5.903E-01	0.101	3.480E-01
A1CE56	B4XVN1	128	2.973E-06	1.000	4.997E-01	0.131	3.202E-01
A1CE56	P19487	124	9.101E-07	1.000	4.465E-01	0.096	2.930E-01
A1CE56	P49424	93	1.487E-04	0.998	4.864E-01	0.118	2.976E-01
A1CE56	A7FH78	87	7.408E-07	0.994	2.740E-01	0.082	2.315E-01
A1CE56	G4FEF4	81	6.282E-04	0.986	4.865E-01	0.073	2.842E-01
A1CE56	O65399	76	1.759E-03	0.971	4.772E-01	0.122	3.142E-01
A1CE56	P36913	75	9.007E-04	0.967	4.552E-01	0.113	2.836E-01
A1CE56	P49425	69	5.667E-04	0.923	3.815E-01	0.131	2.608E-01
A1CE56	P29126	69	6.049E-03	0.923	5.015E-01	0.087	3.180E-01
A1CE56	P27756	68	9.984E-04	0.912	4.102E-01	0.101	2.628E-01
A1CE56	P41131	67	1.852E-03	0.900	4.415E-01	0.090	2.696E-01
A1CE56	P45796	56	1.688E-06	0.663	1.406E-01	0.096	2.058E-01
A1CE56	A0A191T6Q6	54	3.434E-03	0.601	3.604E-01	0.115	2.386E-01
A1CE56	P49610	47	4.676E-03	0.382	3.050E-01	0.079	2.287E-01
A1CE56	B2UPR7	44	9.131E-03	0.301	3.168E-01	0.085	2.290E-01
A1CE56	E0XKJ9	39	3.859E-02	0.196	3.575E-01	0.087	2.320E-01
A1CE56	Q8I4R4	38	1.717E-01	0.179	4.285E-01	0.085	2.859E-01
A1CE56	D7CFN7	37	1.717E-01	0.164	4.420E-01	0.093	2.661E-01
A1CE56	O80596	35	9.483E-04	0.138	1.452E-01	0.083	1.989E-01
A1CE56	P0C7A1	33	2.191E-02	0.116	2.582E-01	0.093	1.936E-01
A1CE56	Q9K838	27	8.792E-02	0.069	2.369E-01	0.115	2.100E-01
A1CE56	P56524	25	1.261E-01	0.057	2.420E-01	0.105	2.086E-01
A1CE56	O86372	23	3.352E-01	0.045	3.172E-01	0.150	1.820E-01
A1CE56	Q54X15	13	2.912E+00	0.009	3.592E-01	0.096	1.664E-01
A1CE56	Q59478	11	5.060E-01	0.007	1.279E-01	0.069	1.371E-01
A1CE56	Q84T94	10	7.353E+00	0.000	4.564E-01	0.050	1.891E-01
A1CE56	P36126	10	5.985E+00	0.000	3.381E-01	0.119	1.998E-01
A1CE56	A0A5J6BJQ5	9	2.138E+00	0.000	1.707E-01	0.106	1.386E-01
A1CE56	P25439	7	6.301E+00	0.000	2.138E-01	0.076	1.886E-01
A1CE56	Q5BMR2	7	3.767E+00	0.000	1.404E-01	0.076	1.645E-01
A1CE56	F9VN79	5	9.507E+00	0.000	2.579E-01	0.175	1.291E-01
A1CE56	Q10313	5	5.400E+00	0.000	1.226E-01	0.105	1.566E-01
O64792	Q04082	55	2.969E-02	0.632	4.550E-01	0.205	6.247E-01
O64792	P0ABN1	11	9.126E+00	0.007	3.715E-01	0.206	6.435E-01
O64792	Q25197	8	9.785E+00	0.000	2.878E-01	0.118	5.041E-01
O69583	O59680	19	8.723E-01	0.024	1.548E-01	0.147	3.705E-01
O69583	A8GG78	16	2.220E+00	0.014	1.797E-01	0.134	3.728E-01
O69583	Q54VQ7	14	6.877E+00	0.010	2.641E-01	0.138	5.558E-01
O69583	Q3J6L0	11	5.934E+00	0.007	2.416E-01	0.101	3.098E-01
O69583	P42517	8	6.233E+00	0.000	1.424E-01	0.055	2.960E-01
O69583	Q3SJH8	8	6.233E+00	0.000	1.621E-01	0.111	2.676E-01
O69583	Q5VKJ7	8	7.969E+00	0.000	2.417E-01	0.114	2.436E-01
O69583	P53306	7	8.370E+00	0.000	1.452E-01	0.125	2.927E-01
O69583	P08417	6	8.791E+00	0.000	1.460E-01	0.132	2.297E-01
O69583	Q11HB8	6	9.233E+00	0.000	1.344E-01	0.139	2.611E-01
Q05622	P27756	67	1.125E-02	0.900	4.619E-01	0.090	3.260E-01
Q05622	D7CFN7	59	5.204E-03	0.747	3.015E-01	0.072	3.339E-01
Q05622	Q9KG76	43	1.671E-01	0.277	3.771E-01	0.068	3.744E-01
Q05622	Q7WTB3	39	2.231E-01	0.196	4.229E-01	0.079	3.069E-01
Q05622	Q5BA89	39	2.979E-01	0.196	4.614E-01	0.103	3.039E-01
Q05622	O86372	32	2.317E-02	0.106	2.391E-01	0.089	1.823E-01
Q05622	A7FH78	31	1.083E-01	0.098	2.631E-01	0.085	2.371E-01
Q05622	B4XVN1	27	1.753E-01	0.069	2.595E-01	0.109	2.124E-01
Q05622	O42918	25	2.979E-01	0.057	2.539E-01	0.153	2.270E-01
Q05622	D0CY60	22	6.439E-01	0.040	2.697E-01	0.047	2.314E-01
Q05622	P45796	22	5.009E-02	0.040	1.112E-01	0.083	2.263E-01
Q05622	P29126	20	5.847E-01	0.029	2.402E-01	0.096	2.210E-01
Q05622	Q92451	18	2.253E+00	0.020	3.726E-01	0.080	2.393E-01
Q05622	Q6CMN5	17	4.379E-01	0.016	1.247E-01	0.055	2.548E-01
Q05622	P26225	16	1.446E-01	0.014	1.098E-01	0.087	1.750E-01
Q05622	Q6FJZ5	15	4.642E+00	0.011	3.439E-01	0.117	3.195E-01
Q05622	Q59478	15	4.173E-01	0.011	1.271E-01	0.076	1.884E-01
Q05622	G4FEF4	15	5.060E-01	0.011	1.387E-01	0.087	1.894E-01
Q05622	A7LXU0	14	3.280E-01	0.010	1.070E-01	0.070	1.893E-01
Q05622	P18269	13	9.021E-01	0.009	1.151E-01	0.095	2.354E-01
Q05622	O07014	10	4.017E+00	0.000	2.109E-01	0.072	2.066E-01
Q05622	Q1Q7Z7	10	2.732E+00	0.000	1.504E-01	0.106	2.309E-01
Q05622	Q84T94	10	3.828E+00	0.000	1.601E-01	0.087	2.718E-01
Q05622	Q75D88	9	6.823E+00	0.000	2.271E-01	0.038	2.251E-01
Q05622	Q9CJ30	8	3.828E+00	0.000	1.266E-01	0.127	1.954E-01
Q05622	Q504Y2	8	5.363E+00	0.000	2.091E-01	0.051	1.690E-01
Q05622	Q9HWR3	8	4.871E+00	0.000	1.532E-01	0.064	2.170E-01
Q05622	A0R3R7	8	4.423E+00	0.000	1.870E-01	0.082	1.672E-01
Q05622	Q93K97	7	3.157E+00	0.000	1.129E-01	0.080	1.675E-01
Q05622	O34779	7	5.628E+00	0.000	1.402E-01	0.075	2.066E-01
Q05622	P70954	7	9.107E+00	0.000	2.643E-01	0.066	2.058E-01
Q05622	P41773	7	6.502E+00	0.000	2.505E-01	0.095	1.223E-01
Q05622	Q9C5E5	7	5.363E+00	0.000	1.454E-01	0.049	1.897E-01
Q05622	Q54IF7	6	8.679E+00	0.000	3.003E-01	0.155	1.069E-01
Q05622	P14746	6	7.160E+00	0.000	1.064E-01	0.090	2.356E-01
Q05622	Q8WY54	5	7.513E+00	0.000	1.591E-01	0.080	1.399E-01
Q6KIG6	A4SGY3	1754	2.621E-42	1.000	9.016E-01	0.300	7.615E-01
Q6KIG6	Q11HB8	1691	1.074E-41	1.000	8.940E-01	0.313	7.338E-01
Q6KIG6	Q0VMA8	1038	5.413E-28	1.000	8.050E-01	0.223	6.670E-01
Q6KIG6	Q8XJU2	1026	7.885E-28	1.000	8.059E-01	0.207	6.583E-01
Q6KIG6	Q48H61	21	5.120E-01	0.034	1.985E-01	0.080	2.639E-01
Q6KIG6	Q5E2G4	20	9.889E-01	0.029	2.426E-01	0.097	2.502E-01
Q6KIG6	Q2EEX9	17	1.139E+00	0.016	2.035E-01	0.124	2.279E-01
Q6KIG6	Q54X15	16	4.047E-01	0.014	1.252E-01	0.086	2.110E-01
Q6KIG6	P42517	15	2.533E+00	0.011	2.274E-01	0.104	2.667E-01
Q6KIG6	A0A191T6Q6	15	1.086E+00	0.011	1.848E-01	0.070	2.118E-01
Q6KIG6	Q8PU61	14	4.667E+00	0.010	3.193E-01	0.097	2.576E-01
Q6KIG6	Q6MLD2	14	2.654E+00	0.010	2.377E-01	0.090	2.336E-01
Q6KIG6	Q3SKJ2	13	4.891E+00	0.009	2.972E-01	0.059	2.668E-01
Q6KIG6	A5GTI3	12	6.797E+00	0.008	3.709E-01	0.074	2.618E-01
Q6KIG6	A0QU81	12	4.891E+00	0.008	2.323E-01	0.107	2.713E-01
Q6KIG6	P76261	12	2.533E+00	0.008	1.783E-01	0.076	2.204E-01
Q6KIG6	A5FR85	11	2.416E+00	0.007	1.788E-01	0.133	1.945E-01
Q6KIG6	Q96G75	11	4.053E+00	0.007	2.269E-01	0.084	2.167E-01
Q6KIG6	Q31G65	11	1.374E+00	0.007	1.222E-01	0.084	1.876E-01
Q6KIG6	Q5AGZ9	11	1.739E+00	0.007	1.415E-01	0.094	2.063E-01
Q6KIG6	Q0DVX2	9	4.891E+00	0.000	1.622E-01	0.113	2.657E-01
Q6KIG6	Q0UMB6	8	2.916E+00	0.000	9.383E-02	0.090	2.128E-01
Q6KIG6	Q8K9B8	7	6.187E+00	0.000	1.460E-01	0.116	2.275E-01
Q6KIG6	Q8IKD3	7	6.485E+00	0.000	1.729E-01	0.088	2.060E-01
Q6KIG6	P47330	6	7.466E+00	0.000	1.606E-01	0.111	1.916E-01
Q6KIG6	O20163	6	9.441E+00	0.000	1.878E-01	0.080	1.938E-01
Q6KIG6	Q4FMW8	5	8.201E+00	0.000	1.184E-01	0.092	2.219E-01
G5EC44	P14746	664	1.152E-18	1.000	8.556E-01	0.133	7.439E-01
G5EC44	Q99638	412	2.102E-12	1.000	8.306E-01	0.142	6.361E-01
G5EC44	A7LXU0	29	9.411E-03	0.082	1.347E-01	0.077	2.551E-01
G5EC44	Q9UKN8	25	9.411E-03	0.057	1.279E-01	0.116	2.088E-01
G5EC44	P34724	24	1.711E+00	0.051	5.974E-01	0.272	2.606E-01
G5EC44	Q8VYL1	24	1.051E+00	0.051	4.994E-01	0.157	2.409E-01
G5EC44	B0RTZ8	20	1.807E+00	0.029	4.758E-01	0.200	2.365E-01
G5EC44	Q59119	19	2.567E-01	0.024	1.780E-01	0.076	2.348E-01
G5EC44	Q8EJM6	19	5.194E-01	0.024	2.275E-01	0.084	2.466E-01
G5EC44	Q9WYH1	18	1.958E-01	0.020	1.913E-01	0.121	1.772E-01
G5EC44	G4FEF4	17	4.660E-01	0.016	1.827E-01	0.097	2.453E-01
G5EC44	P29349	16	6.452E-01	0.014	1.910E-01	0.077	2.415E-01
G5EC44	Q8MLZ3	15	8.460E-01	0.011	2.066E-01	0.134	2.248E-01
G5EC44	Q9ES63	15	2.126E+00	0.011	3.003E-01	0.069	2.368E-01
G5EC44	Q9I1X7	14	3.367E-01	0.010	1.282E-01	0.081	1.893E-01
G5EC44	O74539	14	1.378E+00	0.010	2.148E-01	0.104	2.435E-01
G5EC44	Q12923	14	2.244E+00	0.010	2.871E-01	0.084	2.461E-01
G5EC44	A5W820	13	7.803E+00	0.009	5.622E-01	0.111	2.766E-01
G5EC44	P54427	13	4.073E+00	0.009	3.759E-01	0.071	2.299E-01
G5EC44	Q59478	13	3.752E-01	0.009	1.160E-01	0.072	1.970E-01
G5EC44	O07014	13	5.194E-01	0.009	1.378E-01	0.054	1.820E-01
G5EC44	Q8VA41	13	7.003E+00	0.009	5.830E-01	0.166	2.720E-01
G5EC44	Q8PW90	12	6.633E+00	0.008	4.842E-01	0.085	2.305E-01
G5EC44	P43524	12	1.711E+00	0.008	2.078E-01	0.062	1.927E-01
G5EC44	Q8ZNT5	12	1.711E+00	0.008	1.959E-01	0.107	2.046E-01
G5EC44	P35970	10	8.460E-01	0.000	1.126E-01	0.094	1.707E-01
G5EC44	Q0WL81	10	1.536E+00	0.000	1.427E-01	0.069	2.074E-01
G5EC44	H2L045	10	2.126E+00	0.000	2.120E-01	0.070	1.729E-01
G5EC44	P34697	9	2.369E+00	0.000	1.484E-01	0.061	1.944E-01
G5EC44	Q59639	9	3.655E+00	0.000	1.758E-01	0.087	2.514E-01
G5EC44	Q9VR91	9	5.341E+00	0.000	3.663E-01	0.163	1.636E-01
G5EC44	P40136	9	6.633E+00	0.000	2.591E-01	0.076	2.735E-01
G5EC44	P0A1F0	8	2.943E+00	0.000	1.578E-01	0.089	1.910E-01
G5EC44	Q8WWR8	8	1.711E+00	0.000	9.825E-02	0.097	1.899E-01
G5EC44	Q6FJZ5	7	5.341E+00	0.000	2.910E-01	0.145	1.215E-01
G5EC44	A0QPN2	7	2.943E+00	0.000	1.396E-01	0.087	1.522E-01
G5EC44	Q3SKJ2	6	9.689E+00	0.000	3.045E-01	0.138	1.723E-01
G5EC44	Q8W4C3	6	3.107E+00	0.000	9.667E-02	0.092	1.795E-01
G5EC44	O80596	6	3.280E+00	0.000	9.363E-02	0.091	1.631E-01
G5EC44	P49425	5	6.633E+00	0.000	1.487E-01	0.107	1.769E-01
G5EC44	P27756	5	6.633E+00	0.000	1.467E-01	0.071	1.829E-01
G5EC44	O33407	4	5.059E+00	0.000	8.975E-02	0.071	1.345E-01
Q18HT7	Q9I1X7	440	7.727E-16	1.000	5.446E-01	0.194	5.869E-01
Q18HT7	A0R3R7	429	5.738E-16	1.000	5.287E-01	0.202	5.659E-01
Q18HT7	P35970	331	2.911E-12	1.000	6.357E-01	0.146	4.607E-01
Q18HT7	P86926	61	2.364E-02	0.795	4.550E-01	0.134	3.494E-01
Q18HT7	Q10313	32	5.655E-01	0.106	4.113E-01	0.111	3.257E-01
Q18HT7	Q7VA47	16	2.054E+00	0.014	2.598E-01	0.104	2.513E-01
Q18HT7	O32865	14	1.132E+00	0.010	1.552E-01	0.140	2.511E-01
Q18HT7	O31504	14	3.054E+00	0.010	2.412E-01	0.116	2.704E-01
Q18HT7	O60674	14	3.373E+00	0.010	2.943E-01	0.168	2.676E-01
Q18HT7	P26697	13	1.860E+00	0.009	1.628E-01	0.133	2.485E-01
Q18HT7	O84282	10	5.270E+00	0.000	2.219E-01	0.110	2.679E-01
Q18HT7	O74539	10	5.538E+00	0.000	2.226E-01	0.067	2.796E-01
Q18HT7	P42517	9	5.270E+00	0.000	1.748E-01	0.078	2.545E-01
Q18HT7	Q0VMA8	9	5.819E+00	0.000	1.969E-01	0.108	2.635E-01
Q18HT7	P74133	8	3.544E+00	0.000	1.259E-01	0.131	2.312E-01
Q18HT7	P24891	8	5.538E+00	0.000	1.787E-01	0.049	2.383E-01
Q18HT7	P0A1F0	7	5.819E+00	0.000	1.943E-01	0.089	1.756E-01
Q18HT7	P0DTA7	7	6.115E+00	0.000	1.518E-01	0.068	2.093E-01
Q18HT7	P97443	6	6.752E+00	0.000	1.303E-01	0.123	2.337E-01
Q18HT7	G5ED39	6	7.835E+00	0.000	1.498E-01	0.125	2.247E-01
Q18HT7	P19666	5	8.233E+00	0.000	1.293E-01	0.110	1.690E-01
Q18HT7	P08417	5	9.551E+00	0.000	1.771E-01	0.109	1.892E-01
Q810L3	P43254	140	1.273E-04	1.000	6.024E-01	0.222	6.596E-01
Q810L3	O15541	37	2.228E-01	0.164	2.572E-01	0.119	6.270E-01
Q810L3	Q9ES63	33	4.460E-02	0.116	1.239E-01	0.127	6.091E-01
Q810L3	Q9BYM8	29	5.584E-01	0.082	2.641E-01	0.152	5.406E-01
Q810L3	Q9SYC9	22	9.918E-01	0.040	2.637E-01	0.094	4.442E-01
Q810L3	Q8K9B8	15	2.789E+00	0.011	3.094E-01	0.116	3.283E-01
Q810L3	Q59639	13	2.348E+00	0.009	2.391E-01	0.072	2.648E-01
Q810L3	Q99638	13	1.113E+00	0.009	7.433E-02	0.129	5.415E-01
Q810L3	A5WDG8	12	6.990E+00	0.008	2.672E-01	0.103	5.695E-01
Q810L3	Q2RRV2	12	3.936E+00	0.008	2.203E-01	0.103	3.995E-01
Q810L3	Q6CMN5	12	2.486E+00	0.008	1.467E-01	0.137	3.994E-01
Q810L3	P18475	11	2.789E+00	0.007	1.686E-01	0.086	3.312E-01
Q810L3	G5ED39	11	7.403E+00	0.007	1.669E-01	0.126	7.575E-01
Q810L3	P18106	11	2.633E+00	0.007	8.624E-02	0.177	6.023E-01
Q810L3	Q97DB1	9	2.789E+00	0.000	1.419E-01	0.132	2.773E-01
Q810L3	Q96G75	7	9.861E+00	0.000	2.439E-01	0.170	2.847E-01
Q810L3	P39848	6	8.303E+00	0.000	2.011E-01	0.133	2.307E-01
Q810L3	G4FEF4	5	9.861E+00	0.000	2.587E-01	0.166	1.899E-01
Q971Z6	O22018	625	3.745E-19	1.000	8.859E-01	0.207	7.154E-01
Q971Z6	Q3U4H6	115	9.306E-06	1.000	5.181E-01	0.074	3.740E-01
Q971Z6	B4U701	111	1.886E-05	1.000	5.174E-01	0.113	3.847E-01
Q971Z6	D7CFN7	111	4.560E-05	1.000	5.478E-01	0.130	4.114E-01
Q971Z6	P0C7A1	95	1.873E-04	0.998	5.285E-01	0.116	3.883E-01
Q971Z6	Q8WPJ2	92	3.374E-04	0.997	5.511E-01	0.116	3.830E-01
Q971Z6	P80187	86	1.032E-03	0.993	5.394E-01	0.112	4.178E-01
Q971Z6	Q9HLV9	84	6.078E-04	0.991	5.337E-01	0.125	3.698E-01
Q971Z6	P49610	84	2.107E-04	0.991	4.482E-01	0.112	3.640E-01
Q971Z6	B3PF24	77	5.366E-03	0.975	6.010E-01	0.087	4.162E-01
Q971Z6	A4YHV8	74	2.808E-03	0.961	5.412E-01	0.103	3.740E-01
Q971Z6	Q92451	74	2.496E-03	0.961	5.390E-01	0.117	3.713E-01
Q971Z6	P27756	69	9.178E-04	0.923	4.074E-01	0.090	3.457E-01
Q971Z6	Q13231	66	9.667E-03	0.887	5.516E-01	0.102	3.822E-01
Q971Z6	B2UPR7	65	2.219E-03	0.872	4.733E-01	0.068	3.190E-01
Q971Z6	P36913	64	1.087E-02	0.855	5.488E-01	0.108	3.802E-01
Q971Z6	P49425	62	9.667E-03	0.817	5.150E-01	0.083	3.685E-01
Q971Z6	Q8EJM6	59	1.460E-02	0.747	4.893E-01	0.087	3.798E-01
Q971Z6	P00691	57	1.460E-02	0.692	5.005E-01	0.104	3.502E-01
Q971Z6	P87120	54	2.496E-03	0.601	3.528E-01	0.069	3.061E-01
Q971Z6	O42918	53	1.087E-02	0.569	4.563E-01	0.113	3.151E-01
Q971Z6	P19487	52	5.329E-02	0.537	5.506E-01	0.102	3.717E-01
Q971Z6	P49424	51	2.479E-02	0.505	4.865E-01	0.107	3.336E-01
Q971Z6	Q54PA9	43	3.769E-03	0.277	2.400E-01	0.097	3.079E-01
Q971Z6	P41131	42	9.051E-02	0.254	4.671E-01	0.088	3.419E-01
Q971Z6	O65399	36	1.449E-01	0.150	4.349E-01	0.102	3.258E-01
Q971Z6	Q48H61	33	9.600E-02	0.116	3.259E-01	0.134	3.064E-01
Q971Z6	Q0WL81	27	1.153E-02	0.069	1.592E-01	0.108	2.427E-01
Q971Z6	Q126M1	26	3.115E-01	0.063	3.111E-01	0.109	3.072E-01
Q971Z6	B8GZV1	25	1.537E-01	0.057	2.280E-01	0.097	2.981E-01
Q971Z6	A8GAD1	25	8.046E-02	0.057	2.057E-01	0.099	2.646E-01
Q971Z6	A5WDG8	22	4.182E-01	0.040	2.976E-01	0.076	2.673E-01
Q971Z6	Q86DA5	19	6.314E-01	0.024	2.520E-01	0.117	2.734E-01
Q971Z6	A2STA4	18	1.537E-01	0.020	1.529E-01	0.114	2.401E-01
Q971Z6	A1ASL7	17	1.072E+00	0.016	2.759E-01	0.113	2.831E-01
Q971Z6	Q20500	17	3.717E-01	0.016	1.882E-01	0.117	2.437E-01
Q971Z6	Q9XGA0	16	6.697E-01	0.014	1.957E-01	0.102	2.724E-01
Q971Z6	P18952	15	1.011E+00	0.011	2.053E-01	0.095	2.670E-01
Q971Z6	A0A151EH88	14	2.750E+00	0.010	3.222E-01	0.094	2.928E-01
Q971Z6	P0DUE1	14	3.281E+00	0.010	3.285E-01	0.109	3.064E-01
Q971Z6	Q5E2G4	13	1.357E+00	0.009	1.874E-01	0.096	2.612E-01
Q971Z6	Q8K9B8	12	4.989E-01	0.008	1.289E-01	0.097	2.203E-01
Q971Z6	P9WPJ7	9	6.269E+00	0.000	2.944E-01	0.140	2.608E-01
Q971Z6	G5ED39	9	4.671E+00	0.000	2.490E-01	0.128	2.516E-01
A1A005	Q31HN9	211	2.644E-07	1.000	8.024E-01	0.230	6.498E-01
A1A005	Q6FJZ5	210	4.600E-08	1.000	7.044E-01	0.226	6.120E-01
A1A005	P39135	82	3.385E-03	0.988	6.287E-01	0.129	5.059E-01
A1A005	Q4X1W0	76	2.151E-03	0.971	5.753E-01	0.160	4.311E-01
A1A005	A1ASL7	12	7.064E+00	0.008	6.435E-01	0.176	2.690E-01
A1A005	P70954	11	1.152E+00	0.007	1.485E-01	0.089	2.682E-01
A1A005	Q8U1L4	11	1.934E+00	0.007	1.930E-01	0.114	2.856E-01
A1A005	Q9WTR2	11	1.493E+00	0.007	2.135E-01	0.144	2.197E-01
A1A005	Q5GIT4	11	5.817E+00	0.007	5.658E-01	0.100	2.317E-01
A1A005	P76261	10	3.248E+00	0.000	3.572E-01	0.160	1.670E-01
A1A005	O31534	9	3.248E+00	0.000	3.345E-01	0.150	1.613E-01
A1A005	Q51645	9	4.790E+00	0.000	2.595E-01	0.173	3.108E-01
A1A005	Q06163	9	4.790E+00	0.000	3.905E-01	0.108	1.994E-01
A1A005	A0QU81	8	6.622E+00	0.000	2.580E-01	0.102	3.217E-01
A1A005	Q9HWR3	8	3.248E+00	0.000	2.136E-01	0.089	2.020E-01
A1A005	Q9UKN8	8	3.944E+00	0.000	1.937E-01	0.114	2.779E-01
A1A005	O60674	8	6.207E+00	0.000	2.966E-01	0.073	2.371E-01
A1A005	P39848	7	8.578E+00	0.000	3.525E-01	0.090	2.106E-01
A1A005	A0AFT8	6	5.817E+00	0.000	2.851E-01	0.181	1.477E-01
A1A005	Q03101	6	5.453E+00	0.000	1.610E-01	0.079	2.422E-01
A1A005	H2L045	5	9.150E+00	0.000	2.913E-01	0.123	1.913E-01
A1A005	B1Q3J6	5	7.537E+00	0.000	2.370E-01	0.090	1.483E-01
A1A005	P53599	4	9.150E+00	0.000	1.585E-01	0.087	2.371E-01
B4JHJ7	Q9C5E5	461	1.419E-13	1.000	8.035E-01	0.301	5.409E-01
B4JHJ7	Q09103	245	7.626E-14	1.000	1.932E-01	0.150	6.149E-01
B4JHJ7	O31502	184	1.523E-06	1.000	6.613E-01	0.157	3.929E-01
B4JHJ7	P80734	41	3.585E-01	0.233	4.070E-01	0.091	4.097E-01
B4JHJ7	Q9WTR2	34	2.472E-02	0.126	1.461E-01	0.086	3.172E-01
B4JHJ7	D0LZ73	29	1.128E+00	0.082	3.678E-01	0.088	3.955E-01
B4JHJ7	Q59601	26	3.074E+00	0.063	5.966E-01	0.111	3.574E-01
B4JHJ7	Q9HT84	26	2.120E-01	0.063	1.249E-01	0.158	4.361E-01
B4JHJ7	P24891	25	2.540E+00	0.057	4.165E-01	0.068	4.118E-01
B4JHJ7	Q86DA5	23	4.774E-01	0.045	1.114E-01	0.110	5.420E-01
B4JHJ7	E7DDH2	20	5.198E+00	0.029	5.877E-01	0.076	3.391E-01
B4JHJ7	Q9NX78	20	1.128E+00	0.029	2.180E-01	0.059	3.029E-01
B4JHJ7	P19666	19	6.291E+00	0.024	6.156E-01	0.113	3.682E-01
B4JHJ7	Q04806	18	8.785E+00	0.020	7.265E-01	0.133	3.978E-01
B4JHJ7	O52195	18	3.721E+00	0.020	3.295E-01	0.080	3.821E-01
B4JHJ7	O84282	17	2.664E+00	0.016	2.527E-01	0.107	3.488E-01
B4JHJ7	O99824	17	3.382E+00	0.016	3.548E-01	0.088	2.889E-01
B4JHJ7	Q8NNK3	16	4.724E+00	0.014	3.564E-01	0.087	3.269E-01
B4JHJ7	P74133	14	5.198E+00	0.010	3.029E-01	0.106	3.131E-01
B4JHJ7	A0QU81	12	4.724E+00	0.008	2.016E-01	0.093	3.538E-01
B4JHJ7	Q823P5	12	5.198E+00	0.008	1.994E-01	0.100	3.516E-01
B4JHJ7	O74539	12	3.903E+00	0.008	1.706E-01	0.127	3.549E-01
B4JHJ7	P0ABN1	10	7.614E+00	0.000	2.258E-01	0.110	3.154E-01
B4JHJ7	Q9VF81	10	8.376E+00	0.000	2.423E-01	0.095	3.299E-01
B4JHJ7	Q7NBQ3	9	8.785E+00	0.000	2.271E-01	0.065	3.063E-01
B4JHJ7	Q8U1L4	9	8.785E+00	0.000	2.622E-01	0.142	2.641E-01
B4JHJ7	Q8LL04	9	4.956E+00	0.000	7.025E-02	0.114	5.934E-01
B4JHJ7	O00237	7	9.664E+00	0.000	1.382E-01	0.096	3.799E-01
B4JHJ7	P15878	6	9.214E+00	0.000	1.258E-01	0.120	2.982E-01
Q9HX69	Q8EJM6	675	2.250E-22	1.000	7.797E-01	0.257	6.629E-01
Q9HX69	P76261	581	1.074E-19	1.000	7.630E-01	0.245	6.400E-01
Q9HX69	P37646	355	6.719E-13	1.000	7.473E-01	0.212	5.443E-01
Q9HX69	Q9KVK6	267	1.193E-09	1.000	7.620E-01	0.181	5.166E-01
Q9HX69	B4U701	58	4.385E-02	0.720	5.654E-01	0.116	4.112E-01
Q9HX69	D7CFN7	52	7.332E-02	0.537	6.099E-01	0.120	3.568E-01
Q9HX69	Q3U4H6	37	9.382E-03	0.164	2.483E-01	0.102	2.568E-01
Q9HX69	Q53464	35	8.219E-02	0.138	3.514E-01	0.103	2.891E-01
Q9HX69	Q8S1D9	35	1.094E-01	0.138	4.001E-01	0.114	2.855E-01
Q9HX69	B9KBV1	33	7.201E-01	0.116	5.297E-01	0.105	3.881E-01
Q9HX69	A4YHV8	33	3.427E-01	0.116	4.576E-01	0.092	3.331E-01
Q9HX69	A0RKU8	33	4.643E-02	0.116	2.702E-01	0.086	2.903E-01
Q9HX69	Q8KBF9	33	4.560E-01	0.116	4.713E-01	0.104	3.726E-01
Q9HX69	Q9WTR2	33	6.541E-02	0.116	2.399E-01	0.107	3.472E-01
Q9HX69	P36913	32	5.730E-01	0.106	4.969E-01	0.119	3.503E-01
Q9HX69	B3PF24	32	5.835E-02	0.106	2.525E-01	0.115	2.997E-01
Q9HX69	Q9HLV9	31	2.170E-01	0.098	3.622E-01	0.090	3.038E-01
Q9HX69	A0ALG5	28	9.756E-02	0.076	2.594E-01	0.075	2.690E-01
Q9HX69	Q48NS2	27	2.888E-01	0.069	3.416E-01	0.088	2.851E-01
Q9HX69	A2STA4	27	7.201E-01	0.069	4.164E-01	0.146	3.304E-01
Q9HX69	B4XVN1	27	1.936E-01	0.069	2.800E-01	0.113	2.986E-01
Q9HX69	Q5E2G4	25	6.925E-02	0.057	2.021E-01	0.094	2.501E-01
Q9HX69	Q97DB1	24	4.828E-01	0.051	2.980E-01	0.121	3.058E-01
Q9HX69	Q9K838	23	5.835E-02	0.045	1.583E-01	0.072	2.614E-01
Q9HX69	A0A151EH88	22	2.530E+00	0.040	4.995E-01	0.136	3.854E-01
Q9HX69	Q126M1	22	7.201E-01	0.040	3.233E-01	0.103	2.990E-01
Q9HX69	Q9SYC9	20	9.049E-01	0.029	3.112E-01	0.084	2.857E-01
Q9HX69	B1VKF0	20	4.828E-01	0.029	2.625E-01	0.085	2.529E-01
Q9HX69	P25615	19	1.350E+00	0.024	3.457E-01	0.107	2.909E-01
Q9HX69	A5WDG8	17	1.014E+00	0.016	2.747E-01	0.119	2.570E-01
Q9HX69	P49158	17	9.581E-01	0.016	2.632E-01	0.104	2.382E-01
Q9HX69	A4SGY3	17	3.842E-01	0.016	1.635E-01	0.095	2.633E-01
Q9HX69	P64636	16	8.073E-01	0.014	2.181E-01	0.129	2.408E-01
Q9HX69	P49425	16	1.204E+00	0.014	2.693E-01	0.081	2.576E-01
Q9HX69	P0AF24	15	1.074E+00	0.011	1.932E-01	0.112	2.809E-01
Q9HX69	P0DSI2	15	3.179E+00	0.011	3.912E-01	0.129	2.903E-01
Q9HX69	Q8K9B8	14	1.204E+00	0.010	1.850E-01	0.095	2.798E-01
Q9HX69	A5FR85	14	2.132E+00	0.010	2.589E-01	0.108	2.711E-01
Q9HX69	Q53728	14	2.132E+00	0.010	3.137E-01	0.115	2.203E-01
Q9HX69	P47330	13	2.257E+00	0.009	2.774E-01	0.119	2.296E-01
Q9HX69	Q57877	11	3.564E+00	0.007	2.615E-01	0.080	2.421E-01
Q9HX69	Q6C4Y5	9	8.883E+00	0.000	3.950E-01	0.111	2.655E-01
Q9HX69	O80612	9	5.315E+00	0.000	2.717E-01	0.147	2.323E-01
Q9HX69	Q5BMR2	9	5.627E+00	0.000	2.608E-01	0.099	2.408E-01
Q9HX69	P27061	8	7.071E+00	0.000	2.815E-01	0.148	2.231E-01
Q9HX69	Q5VKJ7	8	8.883E+00	0.000	3.512E-01	0.120	2.483E-01
Q9HX69	P56524	8	7.071E+00	0.000	2.539E-01	0.076	2.818E-01
Q9HX69	Q8TEK3	7	6.308E+00	0.000	2.047E-01	0.093	2.515E-01
P59206	P39848	195	2.064E-08	1.000	5.044E-01	0.170	5.025E-01
P59206	Q3SJH8	39	1.811E-01	0.196	4.409E-01	0.118	3.493E-01
P59206	P44888	15	4.054E+00	0.011	3.990E-01	0.080	3.289E-01
P59206	Q9K838	14	1.668E+00	0.010	2.250E-01	0.092	2.485E-01
P59206	A5FR85	13	2.083E+00	0.009	2.178E-01	0.117	2.797E-01
P59206	Q98RC3	12	5.978E+00	0.008	4.185E-01	0.070	2.574E-01
P59206	A7I3S0	12	6.319E+00	0.008	5.302E-01	0.157	2.292E-01
P59206	P19487	12	7.463E+00	0.008	3.241E-01	0.261	4.609E-01
P59206	Q20500	10	2.327E+00	0.000	1.716E-01	0.108	2.140E-01
P59206	P38576	9	3.432E+00	0.000	2.089E-01	0.128	2.032E-01
P59206	Q9RR70	9	3.247E+00	0.000	1.858E-01	0.141	2.267E-01
P59206	Q21Z99	9	4.530E+00	0.000	2.315E-01	0.090	2.288E-01
P59206	Q8S1V1	8	3.628E+00	0.000	1.903E-01	0.111	1.958E-01
P59206	Q7VA47	8	2.906E+00	0.000	1.459E-01	0.087	2.166E-01
P59206	Q6G2A9	8	3.835E+00	0.000	1.527E-01	0.117	2.552E-01
P59206	Q06163	8	3.628E+00	0.000	1.770E-01	0.110	1.824E-01
P59206	A0A3R0A696	8	3.432E+00	0.000	1.618E-01	0.143	2.100E-01
P59206	Q3T1H6	7	6.680E+00	0.000	1.971E-01	0.068	2.414E-01
P59206	Q8CXQ3	7	5.656E+00	0.000	1.831E-01	0.121	2.171E-01
P59206	Q48H61	7	4.054E+00	0.000	1.410E-01	0.130	2.061E-01
P59206	Q9YFQ8	7	7.061E+00	0.000	2.060E-01	0.114	2.217E-01
P59206	O55716	7	4.054E+00	0.000	1.420E-01	0.097	2.199E-01
P59206	B8YB57	6	7.061E+00	0.000	1.554E-01	0.081	2.053E-01
P59206	P50636	6	3.628E+00	0.000	1.064E-01	0.075	2.115E-01
P59206	Q9ES63	5	9.846E+00	0.000	1.719E-01	0.095	2.147E-01
P59206	P18106	5	8.814E+00	0.000	1.352E-01	0.074	2.184E-01
P59206	Q8YYI3	4	6.319E+00	0.000	1.035E-01	0.107	1.753E-01
Q5SVQ0	Q8WYB5	1054	5.897E-42	1.000	5.165E-01	0.342	7.639E-01
Q5SVQ0	Q8Y220	17	6.727E-01	0.016	1.989E-01	0.147	2.924E-01
Q5SVQ0	Q9KEI9	13	9.027E-01	0.009	1.905E-01	0.101	2.188E-01
Q5SVQ0	P0AG74	12	8.948E+00	0.008	4.873E-01	0.129	4.071E-01
Q5SVQ0	Q9KG76	12	3.704E+00	0.008	4.282E-01	0.173	1.983E-01
Q5SVQ0	Q54IF7	9	7.956E+00	0.000	5.138E-01	0.035	2.127E-01
Q5SVQ0	Q96YM5	9	2.928E+00	0.000	1.827E-01	0.113	2.109E-01
Q5SVQ0	Q19267	8	4.687E+00	0.000	1.825E-01	0.071	2.645E-01
Q5SVQ0	P08417	8	4.971E+00	0.000	1.927E-01	0.078	2.571E-01
Q5SVQ0	P43524	8	4.687E+00	0.000	2.147E-01	0.106	2.469E-01
Q5SVQ0	Q10313	8	4.419E+00	0.000	2.159E-01	0.061	2.319E-01
Q5SVQ0	P41773	7	3.105E+00	0.000	1.900E-01	0.127	1.539E-01
Q5SVQ0	P18475	7	3.704E+00	0.000	1.199E-01	0.129	2.697E-01
Q5SVQ0	P36126	7	7.074E+00	0.000	1.020E-01	0.102	4.714E-01
Q5SVQ0	P97687	6	6.289E+00	0.000	2.024E-01	0.085	1.907E-01
Q5SVQ0	P40136	5	5.930E+00	0.000	1.104E-01	0.074	2.242E-01
Q5SVQ0	Q9SGH2	5	7.502E+00	0.000	8.200E-02	0.117	4.531E-01
Q9C103	A0A151EH88	29	5.939E-01	0.082	4.167E-01	0.108	3.613E-01
Q9C103	Q55AX2	25	1.101E-01	0.057	9.046E-02	0.140	6.631E-01
Q9C103	P76261	22	2.632E-01	0.040	2.144E-01	0.114	2.935E-01
Q9C103	Q9K838	22	7.494E-01	0.040	3.071E-01	0.069	3.371E-01
Q9C103	Q10313	20	8.922E-01	0.029	2.995E-01	0.092	2.992E-01
Q9C103	B9KBV1	16	5.731E+00	0.014	6.227E-01	0.222	3.202E-01
Q9C103	Q84FH6	14	2.853E+00	0.010	3.692E-01	0.162	2.523E-01
Q9C103	P33562	13	2.397E+00	0.009	3.306E-01	0.126	2.267E-01
Q9C103	Q8U1L4	13	5.407E+00	0.009	4.390E-01	0.093	2.951E-01
Q9C103	Q96G75	13	2.853E+00	0.009	2.205E-01	0.104	3.546E-01
Q9C103	B4XVN1	13	5.731E+00	0.009	4.014E-01	0.148	3.559E-01
Q9C103	P27061	12	3.024E+00	0.008	3.169E-01	0.138	2.283E-01
Q9C103	Q31HD6	12	6.822E+00	0.008	4.067E-01	0.105	3.408E-01
Q9C103	Q8EJM6	12	4.286E+00	0.008	2.835E-01	0.089	3.066E-01
Q9C103	P54493	10	2.397E+00	0.000	1.737E-01	0.092	2.566E-01
Q9C103	Q9WTR2	10	5.102E+00	0.000	1.433E-01	0.111	4.922E-01
Q9C103	A4YHV8	9	4.286E+00	0.000	2.255E-01	0.072	2.332E-01
Q9C103	Q8L7W7	9	5.731E+00	0.000	2.528E-01	0.140	2.798E-01
Q9C103	B3ETH8	9	8.605E+00	0.000	3.405E-01	0.086	2.958E-01
Q9C103	Q9HLV9	8	5.731E+00	0.000	1.868E-01	0.058	3.049E-01
Q9C103	P97687	8	4.044E+00	0.000	1.592E-01	0.096	2.702E-01
Q9C103	P49425	8	7.662E+00	0.000	3.226E-01	0.090	2.394E-01
Q9C103	O32232	6	6.437E+00	0.000	1.370E-01	0.135	2.851E-01
Q9C103	Q9KVK6	6	7.230E+00	0.000	1.595E-01	0.092	2.867E-01
Q9C103	Q0VMA8	6	4.814E+00	0.000	9.981E-02	0.095	2.610E-01
Q12866	Q25197	908	6.010E-44	1.000	3.188E-01	0.191	6.018E-01
Q12866	P18475	895	2.190E-37	1.000	3.983E-01	0.196	6.431E-01
Q12866	O60674	871	3.349E-23	1.000	8.406E-01	0.287	7.264E-01
Q12866	Q5GIT4	827	4.456E-44	1.000	2.842E-01	0.173	5.573E-01
Q12866	P08581	773	1.037E-37	1.000	3.337E-01	0.212	5.635E-01
Q12866	P18106	673	2.300E-20	1.000	6.736E-01	0.220	6.946E-01
Q12866	P18161	399	4.817E-19	1.000	3.710E-01	0.164	5.058E-01
Q12866	Q9WTR2	388	5.138E-15	1.000	4.975E-01	0.143	5.599E-01
Q12866	Q99558	369	1.199E-14	1.000	4.447E-01	0.152	5.912E-01
Q12866	Q8G4G1	348	4.528E-12	1.000	5.456E-01	0.160	6.174E-01
Q12866	P53349	345	3.280E-15	1.000	4.049E-01	0.140	5.310E-01
Q12866	P53599	335	3.166E-11	1.000	6.054E-01	0.154	5.874E-01
Q12866	Q6NSM8	333	1.685E-13	1.000	4.264E-01	0.135	5.853E-01
Q12866	Q9XU42	256	2.233E-11	1.000	4.271E-01	0.151	4.765E-01
Q12866	P26225	223	1.862E-13	1.000	2.427E-01	0.102	4.669E-01
Q12866	Q504Y2	194	1.766E-07	1.000	5.009E-01	0.131	5.006E-01
Q12866	O74539	122	6.287E-04	1.000	6.265E-01	0.155	4.696E-01
Q12866	Q8KRU5	107	4.856E-03	1.000	6.682E-01	0.181	5.109E-01
Q12866	A0P8X0	101	1.917E-05	1.000	2.549E-01	0.104	4.643E-01
Q12866	P00691	76	2.976E-04	0.971	3.043E-01	0.085	3.336E-01
Q12866	Q9KG76	65	1.704E-03	0.872	3.031E-01	0.081	3.382E-01
Q12866	A0A3R0A696	64	1.275E-04	0.855	1.883E-01	0.084	3.360E-01
Q12866	P49425	63	8.757E-02	0.837	5.582E-01	0.106	4.562E-01
Q12866	Q9SYC9	52	6.343E-05	0.537	1.353E-01	0.079	2.734E-01
Q12866	Q12923	45	1.516E-01	0.326	3.093E-01	0.147	5.172E-01
Q12866	P37297	29	2.258E-01	0.082	2.902E-01	0.110	2.597E-01
Q12866	Q6CMN5	18	7.540E-02	0.020	9.870E-02	0.077	2.133E-01
Q12866	O31534	14	6.377E+00	0.010	4.600E-01	0.078	2.737E-01
Q12866	O07014	14	1.579E+00	0.010	1.702E-01	0.095	2.516E-01
Q12866	B4XVN1	13	3.174E+00	0.009	2.233E-01	0.106	2.598E-01
Q12866	P62576	13	1.114E+00	0.009	1.166E-01	0.084	2.967E-01
Q12866	Q93571	12	4.729E+00	0.008	2.667E-01	0.147	2.738E-01
Q12866	Q1Q7Z7	11	5.225E+00	0.007	2.949E-01	0.087	2.234E-01
Q12866	Q54IF7	9	8.181E+00	0.000	2.999E-01	0.171	2.437E-01
Q12866	C7C422	9	9.038E+00	0.000	2.415E-01	0.094	3.090E-01
Q12866	P35970	9	2.353E+00	0.000	1.527E-01	0.090	1.789E-01
Q12866	Q8U1L4	8	7.784E+00	0.000	1.949E-01	0.121	2.712E-01
Q12866	Q59639	6	6.703E+00	0.000	1.266E-01	0.071	1.997E-01
Q12866	Q10423	6	5.772E+00	0.000	1.399E-01	0.122	1.983E-01
Q20EX3	Q53464	22	1.046E+00	0.040	3.522E-01	0.101	2.857E-01
Q20EX3	Q59728	21	1.596E+00	0.034	3.838E-01	0.090	2.812E-01
Q20EX3	P24070	16	3.340E+00	0.014	3.715E-01	0.067	3.016E-01
Q20EX3	P62576	13	9.926E-01	0.009	8.960E-02	0.096	3.963E-01
Q20EX3	Q51645	12	4.584E+00	0.008	3.025E-01	0.073	2.610E-01
Q20EX3	B3ETH8	10	4.832E+00	0.000	2.777E-01	0.084	2.334E-01
Q20EX3	O64761	9	5.094E+00	0.000	2.281E-01	0.126	2.177E-01
Q20EX3	O45870	9	5.094E+00	0.000	2.362E-01	0.138	2.197E-01
Q20EX3	P34534	8	5.660E+00	0.000	1.947E-01	0.101	2.074E-01
Q20EX3	A0A0D1DWQ2	7	6.290E+00	0.000	2.066E-01	0.075	2.119E-01
Q20EX3	Q7NBQ3	6	6.290E+00	0.000	1.123E-01	0.069	2.740E-01
Q20EX3	Q59NR8	6	9.096E+00	0.000	1.624E-01	0.116	2.901E-01
Q20EX3	Q9UKN8	5	5.660E+00	0.000	9.369E-02	0.067	2.105E-01
Q07606	Q58724	91	6.149E-04	0.997	5.229E-01	0.128	4.530E-01
Q07606	P25201	51	4.689E-03	0.505	3.238E-01	0.073	3.517E-01
Q07606	Q9KVZ8	45	1.337E-03	0.326	2.332E-01	0.079	2.927E-01
Q07606	O31504	39	2.279E-01	0.196	4.964E-01	0.107	4.066E-01
Q07606	P86926	15	4.010E+00	0.011	4.305E-01	0.112	3.225E-01
Q07606	Q75D88	13	2.207E+00	0.009	2.502E-01	0.090	2.736E-01
Q07606	Q9YCL9	11	4.010E+00	0.007	2.827E-01	0.096	2.676E-01
Q07606	O86372	9	2.342E+00	0.000	2.528E-01	0.060	1.535E-01
Q07606	O34303	9	2.207E+00	0.000	1.354E-01	0.090	2.483E-01
Q07606	Q9SI52	9	3.559E+00	0.000	1.936E-01	0.161	2.324E-01
Q07606	O00237	8	2.207E+00	0.000	1.576E-01	0.130	1.771E-01
Q07606	P34697	7	1.542E+00	0.000	1.057E-01	0.074	1.661E-01
Q07606	A8MCV2	7	9.819E+00	0.000	3.110E-01	0.129	3.035E-01
Q07606	A0A151EH88	7	5.739E+00	0.000	2.699E-01	0.094	1.619E-01
Q07606	Q8ZNT5	7	8.211E+00	0.000	2.594E-01	0.091	2.851E-01
Q07606	Q92451	7	5.093E+00	0.000	2.689E-01	0.153	1.565E-01
Q07606	P0DV89	6	9.819E+00	0.000	2.258E-01	0.087	2.632E-01
Q07606	P0AEZ7	6	4.257E+00	0.000	1.332E-01	0.105	2.228E-01
Q07606	Q8EJM6	6	7.287E+00	0.000	1.921E-01	0.063	2.414E-01
Q07606	P49610	4	4.797E+00	0.000	9.118E-02	0.059	1.585E-01
Q52087	Q59728	1457	1.306E-36	1.000	9.958E-01	0.699	9.562E-01
Q52087	Q53464	1347	6.766E-34	1.000	9.971E-01	0.583	9.474E-01
Q52087	P24070	1205	9.937E-31	1.000	9.887E-01	0.513	9.260E-01
Q52087	Q51645	947	1.998E-25	1.000	9.671E-01	0.372	8.431E-01
Q52087	O67359	338	1.756E-12	1.000	6.792E-01	0.179	5.919E-01
Q52087	A0RKU8	309	1.996E-11	1.000	6.772E-01	0.191	5.839E-01
Q52087	Q48NS2	282	1.513E-10	1.000	6.580E-01	0.180	5.815E-01
Q52087	P64636	277	2.269E-10	1.000	6.755E-01	0.164	5.646E-01
Q52087	Q5E2G4	274	2.404E-10	1.000	6.511E-01	0.193	5.733E-01
Q52087	A0ALG5	271	8.107E-10	1.000	7.031E-01	0.169	5.710E-01
Q52087	Q9VSY6	136	8.038E-06	1.000	5.694E-01	0.151	4.547E-01
Q52087	Q7SYN4	89	4.894E-04	0.996	4.895E-01	0.117	4.198E-01
Q52087	A6W230	84	1.557E-03	0.991	5.632E-01	0.106	4.019E-01
Q52087	P0AF24	80	2.177E-04	0.984	3.659E-01	0.123	3.957E-01
Q52087	P27061	55	9.365E-03	0.632	4.244E-01	0.145	3.344E-01
Q52087	C4L0S9	26	8.070E-01	0.063	4.458E-01	0.119	3.194E-01
Q52087	Q8EJM6	26	1.005E-01	0.063	2.599E-01	0.096	2.435E-01
Q52087	Q3SKU2	24	1.195E-01	0.051	2.057E-01	0.117	2.826E-01
Q52087	P0A1T4	23	1.814E+00	0.045	4.367E-01	0.111	4.112E-01
Q52087	O31502	23	2.158E+00	0.045	5.402E-01	0.104	3.579E-01
Q52087	P0DSI2	20	5.382E-01	0.029	2.472E-01	0.115	2.881E-01
Q52087	B9KBV1	16	1.712E+00	0.014	3.261E-01	0.115	2.625E-01
Q52087	P36913	16	9.600E-01	0.014	2.278E-01	0.082	2.768E-01
Q52087	P76261	15	1.358E+00	0.011	2.638E-01	0.154	2.515E-01
Q52087	P37646	12	4.322E+00	0.008	3.398E-01	0.130	2.663E-01
Q52087	Q9KVK6	12	5.142E+00	0.008	3.531E-01	0.132	3.097E-01
Q52087	P09796	10	4.322E+00	0.000	2.460E-01	0.097	2.646E-01
Q52087	Q9BQ50	10	4.580E+00	0.000	3.233E-01	0.131	2.171E-01
Q52087	Q9KFH7	10	3.236E+00	0.000	1.974E-01	0.093	2.745E-01
Q52087	Q9Z913	10	5.142E+00	0.000	3.436E-01	0.123	2.293E-01
Q52087	Q4I1J3	10	5.448E+00	0.000	2.751E-01	0.123	2.977E-01
Q52087	Q8KBF9	9	5.448E+00	0.000	2.433E-01	0.104	2.442E-01
Q52087	P80187	8	7.275E+00	0.000	2.464E-01	0.115	2.706E-01
Q52087	Q3U4H6	8	3.236E+00	0.000	1.724E-01	0.113	2.157E-01
Q52087	Q20500	8	3.850E+00	0.000	1.795E-01	0.103	2.301E-01
Q52087	P53599	7	6.480E+00	0.000	1.866E-01	0.098	2.644E-01
Q52087	Q8U1L4	6	6.480E+00	0.000	1.785E-01	0.155	2.281E-01
Q52087	Q9M548	6	9.166E+00	0.000	2.233E-01	0.127	2.564E-01
Q52087	P41773	4	6.866E+00	0.000	1.228E-01	0.104	1.676E-01
Q02959	Q54VQ7	462	2.200E-18	1.000	4.594E-01	0.172	5.179E-01
Q02959	P56524	412	5.072E-14	1.000	6.419E-01	0.177	4.910E-01
Q02959	Q54X15	401	6.399E-13	1.000	6.699E-01	0.189	5.200E-01
Q02959	Q96DB2	245	5.771E-09	1.000	6.538E-01	0.143	3.893E-01
Q02959	P0DN21	32	2.113E-01	0.106	3.320E-01	0.115	2.422E-01
Q02959	Q11HB8	27	7.194E-03	0.069	1.132E-01	0.114	1.879E-01
Q02959	A0A191T6Q6	24	1.923E-01	0.051	2.127E-01	0.079	2.125E-01
Q02959	P49424	22	3.379E-01	0.040	2.047E-01	0.056	2.159E-01
Q02959	Q8WPJ2	18	2.935E-01	0.020	1.657E-01	0.091	1.863E-01
Q02959	Q6NVF4	18	1.747E+00	0.020	1.930E-01	0.095	3.619E-01
Q02959	Q3SKU2	15	9.946E-01	0.011	2.010E-01	0.098	1.853E-01
Q02959	Q9VR91	15	1.448E+00	0.011	1.541E-01	0.111	2.793E-01
Q02959	Q8I4R4	14	2.209E+00	0.010	2.191E-01	0.105	2.283E-01
Q02959	Q126M1	13	2.209E+00	0.009	2.117E-01	0.100	1.892E-01
Q02959	P0C7A1	13	1.318E+00	0.009	1.633E-01	0.089	1.984E-01
Q02959	B2UPR7	13	1.831E+00	0.009	1.844E-01	0.090	2.074E-01
Q02959	Q0WL81	13	8.243E-01	0.009	1.354E-01	0.093	1.783E-01
Q02959	E0XKJ9	12	4.067E+00	0.008	2.807E-01	0.115	2.222E-01
Q02959	O20163	12	2.209E+00	0.008	1.284E-01	0.102	3.056E-01
Q02959	Q31HD6	12	9.054E-01	0.008	1.174E-01	0.071	2.022E-01
Q02959	Q9UX83	11	4.262E+00	0.007	2.399E-01	0.079	1.965E-01
Q02959	A0A1W2PR19	11	3.068E+00	0.007	2.154E-01	0.123	1.807E-01
Q02959	Q8PW90	11	4.467E+00	0.007	2.654E-01	0.082	2.090E-01
Q02959	Q8EJM6	10	6.204E+00	0.000	2.667E-01	0.084	2.350E-01
Q02959	Q96YM5	9	9.914E+00	0.000	3.585E-01	0.088	2.247E-01
Q02959	P49610	9	4.067E+00	0.000	1.516E-01	0.100	2.069E-01
Q02959	Q02940	8	7.484E+00	0.000	1.073E-01	0.146	4.850E-01
Q02959	C7C422	7	9.914E+00	0.000	3.279E-01	0.113	1.526E-01
Q02959	Q0UMB6	7	9.914E+00	0.000	2.709E-01	0.138	1.827E-01
Q02959	P0CG30	6	8.614E+00	0.000	2.042E-01	0.123	1.788E-01
Q02959	Q9NX78	6	9.914E+00	0.000	1.594E-01	0.115	2.135E-01
Q02959	P29126	6	8.220E+00	0.000	1.945E-01	0.091	1.839E-01
Q02959	Q6R7K3	5	9.914E+00	0.000	1.277E-01	0.094	1.974E-01
Q8PU58	P62576	12	8.408E+00	0.008	4.311E-01	0.150	6.029E-01
Q8PU58	Q6BSA9	10	6.812E+00	0.000	2.784E-01	0.085	5.260E-01
Q8PU58	B1VKF0	9	7.307E+00	0.000	2.666E-01	0.133	4.762E-01
Q8PU58	Q8NNK3	8	9.673E+00	0.000	2.560E-01	0.142	5.753E-01
A5FB63	Q13231	765	3.678E-24	1.000	8.495E-01	0.228	6.311E-01
A5FB63	G5EB30	240	1.263E-10	1.000	5.603E-01	0.151	4.444E-01
A5FB63	Q8I4R4	195	4.418E-08	1.000	6.118E-01	0.149	4.412E-01
A5FB63	P49425	114	3.743E-08	1.000	2.852E-01	0.094	3.196E-01
A5FB63	P19487	105	3.290E-06	1.000	3.933E-01	0.113	3.207E-01
A5FB63	P41131	97	1.825E-05	0.999	4.160E-01	0.097	3.238E-01
A5FB63	Q3U4H6	90	1.758E-04	0.996	4.927E-01	0.097	3.278E-01
A5FB63	G4FEF4	90	6.042E-06	0.996	3.177E-01	0.081	3.114E-01
A5FB63	B4XVN1	89	3.000E-05	0.996	3.921E-01	0.113	3.056E-01
A5FB63	P27756	89	1.859E-07	0.996	2.408E-01	0.082	2.697E-01
A5FB63	Q8WPJ2	87	1.858E-04	0.994	4.697E-01	0.102	3.209E-01
A5FB63	A0P8X0	75	7.820E-07	0.967	1.619E-01	0.089	3.371E-01
A5FB63	P18475	71	7.676E-05	0.941	2.756E-01	0.111	3.166E-01
A5FB63	O80596	70	1.031E-06	0.933	1.864E-01	0.087	2.612E-01
A5FB63	P00691	69	2.946E-06	0.923	2.002E-01	0.096	2.670E-01
A5FB63	Q5GIT4	66	1.384E-08	0.887	1.037E-01	0.075	2.725E-01
A5FB63	P26225	64	7.965E-06	0.855	1.736E-01	0.122	3.054E-01
A5FB63	Q25197	54	1.462E-02	0.601	3.848E-01	0.113	3.605E-01
A5FB63	B2UPR7	53	4.668E-05	0.569	2.008E-01	0.094	2.317E-01
A5FB63	Q9SYC9	50	3.541E-05	0.473	1.480E-01	0.093	2.684E-01
A5FB63	O42918	45	2.037E-02	0.326	3.641E-01	0.100	2.838E-01
A5FB63	P0C7A1	39	4.582E-03	0.196	2.334E-01	0.088	2.437E-01
A5FB63	Q44233	37	4.933E-02	0.164	3.426E-01	0.086	2.623E-01
A5FB63	A0A3R0A696	36	1.858E-04	0.150	1.071E-01	0.091	2.514E-01
A5FB63	A4YHV8	32	1.384E-02	0.106	2.444E-01	0.098	1.968E-01
A5FB63	Q9KG76	30	7.262E-02	0.090	2.280E-01	0.080	2.967E-01
A5FB63	H2L045	24	2.000E+00	0.051	5.153E-01	0.102	3.728E-01
A5FB63	A0A5J6BJQ5	23	1.358E+00	0.045	4.487E-01	0.094	2.980E-01
A5FB63	Q6CMN5	21	9.751E-01	0.034	2.506E-01	0.136	3.593E-01
A5FB63	A7IAL9	20	2.891E-01	0.029	2.184E-01	0.111	2.269E-01
A5FB63	A8GAD1	18	3.412E-01	0.020	2.144E-01	0.077	1.940E-01
A5FB63	P29349	17	3.673E+00	0.016	5.440E-01	0.034	2.706E-01
A5FB63	Q1DAV2	16	1.030E+00	0.014	2.730E-01	0.069	2.066E-01
A5FB63	Q1Q7Z7	16	4.498E-01	0.014	1.658E-01	0.081	2.300E-01
A5FB63	Q54X15	16	4.498E-01	0.014	1.988E-01	0.121	1.903E-01
A5FB63	Q68EL2	15	3.882E+00	0.011	4.352E-01	0.125	2.887E-01
A5FB63	O74539	14	7.397E-01	0.010	1.720E-01	0.082	2.158E-01
A5FB63	Q504Y2	13	6.039E+00	0.009	4.223E-01	0.185	2.968E-01
A5FB63	Q21Z99	10	2.114E+00	0.000	1.534E-01	0.087	2.228E-01
A5FB63	P54570	9	6.744E+00	0.000	3.772E-01	0.039	1.882E-01
A5FB63	Q59639	9	2.945E+00	0.000	1.872E-01	0.086	2.135E-01
A5FB63	P23179	9	8.410E+00	0.000	3.649E-01	0.076	2.541E-01
A5FB63	Q53728	8	7.531E+00	0.000	3.324E-01	0.159	2.151E-01
A5FB63	O31502	7	9.391E+00	0.000	2.888E-01	0.073	2.204E-01
A5FB63	Q10313	6	7.959E+00	0.000	1.909E-01	0.114	1.999E-01
A1WYU0	Q2RJD5	1309	5.034E-38	1.000	9.544E-01	0.412	8.388E-01
A1WYU0	A5GRJ7	1089	1.240E-33	1.000	9.129E-01	0.287	7.703E-01
A1WYU0	Q5SHZ3	1065	5.074E-33	1.000	8.992E-01	0.341	7.759E-01
A1WYU0	P0A1F0	1024	1.022E-31	1.000	9.160E-01	0.279	7.608E-01
A1WYU0	Q5V1K0	52	7.695E-03	0.537	4.326E-01	0.150	3.123E-01
A1WYU0	Q0VMA8	50	1.073E-01	0.473	7.129E-01	0.196	3.680E-01
A1WYU0	Q8XJU2	43	3.655E-01	0.277	8.069E-01	0.139	3.674E-01
A1WYU0	Q9Z913	40	2.181E-02	0.214	3.612E-01	0.115	2.898E-01
A1WYU0	B9KBV1	39	2.106E-01	0.196	5.647E-01	0.151	3.575E-01
A1WYU0	Q6MLD2	39	6.572E-02	0.196	4.349E-01	0.134	3.153E-01
A1WYU0	Q4FMW8	36	6.181E-02	0.150	3.757E-01	0.100	3.110E-01
A1WYU0	Q48H61	34	4.025E-02	0.126	3.182E-01	0.178	2.865E-01
A1WYU0	A4SGY3	32	9.165E-01	0.106	6.939E-01	0.156	3.627E-01
A1WYU0	G5ED39	30	2.690E-01	0.090	4.713E-01	0.089	2.873E-01
A1WYU0	P47330	28	2.239E-01	0.076	3.967E-01	0.122	2.779E-01
A1WYU0	C4L0S9	25	7.172E-01	0.057	5.131E-01	0.166	2.830E-01
A1WYU0	Q8CXQ3	23	2.860E-01	0.045	2.979E-01	0.116	2.642E-01
A1WYU0	Q11HB8	23	5.968E-01	0.045	4.108E-01	0.194	2.714E-01
A1WYU0	Q03018	23	1.407E+00	0.045	5.279E-01	0.171	3.229E-01
A1WYU0	P0DUE1	16	2.762E+00	0.014	4.224E-01	0.116	2.892E-01
A1WYU0	Q8PW90	15	2.161E+00	0.011	5.162E-01	0.151	1.758E-01
A1WYU0	P62576	15	3.529E+00	0.011	7.197E-01	0.142	1.979E-01
A1WYU0	Q8YYI3	14	1.691E+00	0.010	2.983E-01	0.128	2.454E-01
A1WYU0	Q99638	13	9.165E-01	0.009	2.205E-01	0.122	2.017E-01
A1WYU0	Q9I1X7	13	1.171E+00	0.009	2.483E-01	0.100	1.902E-01
A1WYU0	O96720	12	3.319E+00	0.008	3.458E-01	0.145	2.583E-01
A1WYU0	Q5IBC5	12	4.509E+00	0.008	4.100E-01	0.125	2.708E-01
A1WYU0	O67359	11	3.752E+00	0.007	2.923E-01	0.150	2.578E-01
A1WYU0	P00691	11	5.761E+00	0.007	4.760E-01	0.123	2.482E-01
A1WYU0	Q8ECH7	10	6.923E+00	0.000	4.212E-01	0.145	2.825E-01
A1WYU0	H2L045	10	2.443E+00	0.000	2.117E-01	0.056	2.059E-01
A1WYU0	P0DSI2	9	6.923E+00	0.000	3.969E-01	0.130	2.240E-01
A1WYU0	O20163	8	2.936E+00	0.000	1.927E-01	0.188	1.848E-01
A1WYU0	P27756	8	2.298E+00	0.000	1.710E-01	0.088	1.612E-01
A1WYU0	P75438	7	9.401E+00	0.000	3.515E-01	0.174	2.471E-01
A1WYU0	P45796	7	8.318E+00	0.000	4.362E-01	0.051	1.433E-01
A1WYU0	A3DNB5	6	8.843E+00	0.000	3.377E-01	0.148	1.581E-01
A1WYU0	B0RTZ8	6	7.824E+00	0.000	4.304E-01	0.172	1.224E-01
A1WYU0	Q10423	6	9.993E+00	0.000	4.143E-01	0.066	1.581E-01
A1WYU0	O60674	5	7.360E+00	0.000	1.561E-01	0.099	1.955E-01
A1WYU0	P0DTA7	4	5.418E+00	0.000	1.268E-01	0.074	1.573E-01
P31206	Q8WWR8	717	8.478E-22	1.000	8.451E-01	0.190	6.428E-01
P31206	P62576	588	1.480E-24	1.000	5.835E-01	0.162	4.986E-01
P31206	P18269	416	6.580E-16	1.000	6.730E-01	0.149	4.955E-01
P31206	Q6CMN5	84	8.419E-04	0.991	5.093E-01	0.066	3.364E-01
P31206	A0A191T6Q6	60	2.015E-02	0.772	4.984E-01	0.124	3.527E-01
P31206	A7LXU0	52	4.413E-04	0.537	2.239E-01	0.095	2.664E-01
P31206	P26225	41	1.675E-04	0.233	1.597E-01	0.093	1.990E-01
P31206	Q9UKN8	40	3.270E-02	0.214	3.607E-01	0.080	2.454E-01
P31206	Q3U487	29	5.370E-01	0.082	4.162E-01	0.106	3.099E-01
P31206	P29126	20	5.088E-01	0.029	2.234E-01	0.115	2.712E-01
P31206	O60674	19	1.270E+00	0.024	3.715E-01	0.131	2.272E-01
P31206	A7FH78	17	5.911E-02	0.016	1.232E-01	0.082	1.601E-01
P31206	A0QPN2	15	4.569E-01	0.011	1.794E-01	0.077	1.750E-01
P31206	B3A0N5	14	5.732E+00	0.010	3.261E-01	0.094	4.463E-01
P31206	Q12923	14	2.423E+00	0.010	3.425E-01	0.049	2.071E-01
P31206	P22222	13	3.491E-01	0.009	1.028E-01	0.083	2.208E-01
P31206	Q59478	12	6.311E-01	0.008	1.608E-01	0.088	1.616E-01
P31206	Q09451	12	7.108E+00	0.008	5.510E-01	0.060	2.400E-01
P31206	P29349	12	4.380E+00	0.008	3.983E-01	0.162	1.890E-01
P31206	Q6NVF4	12	4.380E+00	0.008	3.696E-01	0.057	2.055E-01
P31206	F1SVL1	11	5.147E+00	0.007	4.819E-01	0.100	1.747E-01
P31206	Q54IF7	11	6.735E+00	0.007	4.581E-01	0.157	2.101E-01
P31206	Q59639	11	2.176E+00	0.007	1.553E-01	0.110	2.681E-01
P31206	Q8BZT7	11	5.732E+00	0.007	4.493E-01	0.142	1.973E-01
P31206	D4AZ24	11	1.204E+00	0.007	1.407E-01	0.045	1.874E-01
P31206	P34534	11	1.852E+00	0.007	1.723E-01	0.082	2.124E-01
P31206	P54570	8	3.933E+00	0.000	2.372E-01	0.100	1.452E-01
P31206	Q8PW90	8	2.848E+00	0.000	2.261E-01	0.153	1.193E-01
P31206	Q7WTB3	8	2.557E+00	0.000	1.575E-01	0.087	1.575E-01
P31206	P00691	8	1.575E+00	0.000	1.089E-01	0.097	1.513E-01
P31206	D7CFN7	7	5.147E+00	0.000	1.795E-01	0.082	1.674E-01
P31206	B4XVN1	6	6.735E+00	0.000	2.033E-01	0.127	1.716E-01
P31206	Q9KEI9	5	8.351E+00	0.000	2.429E-01	0.122	1.161E-01
P31206	Q1Q7Z7	5	6.383E+00	0.000	1.222E-01	0.128	1.720E-01
P31206	Q54RN1	5	8.812E+00	0.000	1.477E-01	0.099	1.829E-01
P31206	Q8YYI3	4	7.500E+00	0.000	9.958E-02	0.084	1.594E-01
P31206	B2UPR7	4	8.812E+00	0.000	1.482E-01	0.147	1.693E-01
Q9H3N1	A3KPF5	251	1.296E-08	1.000	7.248E-01	0.178	6.897E-01
Q9H3N1	P40557	250	8.944E-09	1.000	7.382E-01	0.242	6.498E-01
Q9H3N1	Q8JGM4	219	1.198E-07	1.000	6.989E-01	0.242	6.741E-01
Q9H3N1	O00237	69	7.747E-04	0.923	2.887E-01	0.109	5.239E-01
Q9H3N1	Q9SYC9	23	2.280E-01	0.045	1.640E-01	0.093	4.526E-01
Q9H3N1	Q8ECH7	22	4.785E-01	0.040	2.831E-01	0.100	3.142E-01
Q9H3N1	O31502	14	5.007E+00	0.010	5.371E-01	0.081	3.176E-01
Q9H3N1	Q8ZVM0	14	1.647E+00	0.010	1.780E-01	0.068	4.311E-01
Q9H3N1	C4L0S9	11	3.456E+00	0.007	2.614E-01	0.049	2.865E-01
Q9H3N1	Q4FMW8	11	4.160E+00	0.007	3.510E-01	0.205	2.479E-01
Q9H3N1	A0A0D1DWQ2	10	3.456E+00	0.000	1.764E-01	0.141	3.476E-01
Q9H3N1	A5FR85	9	6.410E+00	0.000	3.723E-01	0.196	2.546E-01
Q9H3N1	P40136	9	7.253E+00	0.000	2.359E-01	0.085	4.204E-01
Q9H3N1	Q59119	9	7.714E+00	0.000	4.314E-01	0.114	2.605E-01
Q9H3N1	Q96DB2	8	5.326E+00	0.000	2.277E-01	0.100	2.421E-01
Q9H3N1	P50828	8	9.873E+00	0.000	4.682E-01	0.127	2.579E-01
Q9H3N1	Q9UX83	7	5.665E+00	0.000	1.829E-01	0.072	2.706E-01
Q9H3N1	O24982	7	6.410E+00	0.000	1.758E-01	0.119	3.115E-01
Q9H3N1	Q9K838	7	9.283E+00	0.000	2.757E-01	0.063	2.895E-01
A3MTK6	Q2RRV2	215	1.567E-07	1.000	7.338E-01	0.200	5.894E-01
A3MTK6	Q57822	202	1.391E-07	1.000	6.981E-01	0.232	5.401E-01
A3MTK6	Q97TX9	200	4.164E-09	1.000	5.686E-01	0.235	4.695E-01
A3MTK6	Q98RC3	61	1.041E-03	0.795	3.718E-01	0.169	3.104E-01
A3MTK6	Q58844	25	5.049E-01	0.057	3.974E-01	0.111	2.835E-01
A3MTK6	Q9XGA0	24	8.623E-01	0.051	4.557E-01	0.184	2.988E-01
A3MTK6	C4L0S9	18	9.152E-01	0.020	2.844E-01	0.078	2.854E-01
A3MTK6	B3ETH8	12	1.473E+00	0.008	2.000E-01	0.107	2.500E-01
A3MTK6	Q9WZ43	10	3.386E+00	0.000	2.544E-01	0.125	2.151E-01
A3MTK6	Q8W4C3	10	2.104E+00	0.000	1.610E-01	0.112	2.301E-01
A3MTK6	P53349	10	2.370E+00	0.000	1.663E-01	0.119	2.752E-01
A3MTK6	O34303	9	5.782E+00	0.000	2.970E-01	0.057	2.450E-01
A3MTK6	Q9WTR2	9	3.813E+00	0.000	1.880E-01	0.087	2.570E-01
A3MTK6	P25265	8	6.910E+00	0.000	2.878E-01	0.075	2.219E-01
A3MTK6	Q8KBF9	8	5.782E+00	0.000	2.862E-01	0.169	2.113E-01
A3MTK6	O55716	8	8.258E+00	0.000	3.836E-01	0.072	2.100E-01
A3MTK6	A0PSA3	7	6.910E+00	0.000	2.536E-01	0.147	2.197E-01
A3MTK6	A3UNN4	7	3.386E+00	0.000	1.594E-01	0.104	1.970E-01
A3MTK6	A0QZ13	7	5.448E+00	0.000	1.908E-01	0.086	2.026E-01
A3MTK6	P0DV89	6	6.512E+00	0.000	2.108E-01	0.115	1.820E-01
A3MTK6	Q59119	6	9.299E+00	0.000	2.650E-01	0.122	2.404E-01
A3MTK6	Q31G65	5	9.299E+00	0.000	2.025E-01	0.081	2.354E-01
A3MTK6	O60674	5	9.299E+00	0.000	1.671E-01	0.110	2.286E-01
A3MTK6	O74539	4	8.763E+00	0.000	1.459E-01	0.111	2.107E-01
B8GZM2	Q8ZNT5	666	7.117E-18	1.000	9.136E-01	0.363	8.043E-01
B8GZM2	Q9HT84	430	4.148E-16	1.000	6.027E-01	0.244	6.173E-01
B8GZM2	Q8EJM6	427	1.461E-11	1.000	9.077E-01	0.293	7.516E-01
B8GZM2	O74539	155	6.553E-08	1.000	3.657E-01	0.149	4.948E-01
B8GZM2	P43524	104	4.590E-04	1.000	5.774E-01	0.152	4.441E-01
B8GZM2	Q553Y7	83	1.478E-03	0.990	4.746E-01	0.110	4.209E-01
B8GZM2	Q5V1K0	77	2.263E-02	0.975	7.134E-01	0.259	4.535E-01
B8GZM2	Q2RJD5	55	1.503E-01	0.632	6.525E-01	0.176	4.376E-01
B8GZM2	Q03101	53	2.263E-02	0.569	4.099E-01	0.117	3.783E-01
B8GZM2	B9KBV1	51	1.203E-01	0.505	5.854E-01	0.123	3.936E-01
B8GZM2	Q8KBF9	46	1.621E-02	0.353	3.221E-01	0.124	3.319E-01
B8GZM2	Q17VI1	45	1.503E-01	0.326	5.172E-01	0.063	3.747E-01
B8GZM2	Q9Z913	44	4.096E-01	0.301	6.405E-01	0.113	4.333E-01
B8GZM2	O96720	39	9.629E-02	0.196	3.995E-01	0.164	3.204E-01
B8GZM2	O22018	36	4.936E-02	0.150	2.556E-01	0.089	3.533E-01
B8GZM2	Q6MLD2	36	8.614E-02	0.150	3.181E-01	0.103	3.366E-01
B8GZM2	P0DV89	27	8.932E-01	0.069	4.473E-01	0.116	3.308E-01
B8GZM2	P25615	27	5.721E-01	0.069	3.798E-01	0.089	3.231E-01
B8GZM2	A7IAL9	24	5.833E-02	0.051	1.558E-01	0.104	2.614E-01
B8GZM2	B4U701	23	4.331E-01	0.045	2.682E-01	0.094	2.996E-01
B8GZM2	D7CFN7	23	6.761E-01	0.045	3.330E-01	0.147	2.910E-01
B8GZM2	Q4FMW8	20	1.503E-01	0.029	1.530E-01	0.089	2.543E-01
B8GZM2	Q10423	19	6.049E-01	0.024	2.637E-01	0.128	2.438E-01
B8GZM2	E0XKJ9	19	3.466E-01	0.024	1.982E-01	0.092	2.578E-01
B8GZM2	Q50983	19	3.466E-01	0.024	1.984E-01	0.101	2.554E-01
B8GZM2	P56524	19	3.874E-01	0.024	2.101E-01	0.130	2.561E-01
B8GZM2	P47330	16	1.948E+00	0.014	3.054E-01	0.107	2.650E-01
B8GZM2	Q3U4H6	16	9.985E-01	0.014	2.099E-01	0.093	2.742E-01
B8GZM2	Q9HLV9	15	2.434E+00	0.011	2.805E-01	0.101	3.107E-01
B8GZM2	P25265	15	5.411E-01	0.011	1.626E-01	0.125	2.264E-01
B8GZM2	Q6AW06	15	3.041E+00	0.011	3.593E-01	0.085	2.614E-01
B8GZM2	Q8TEK3	14	5.610E+00	0.010	4.711E-01	0.118	3.054E-01
B8GZM2	B2UPR7	13	7.991E-01	0.009	1.462E-01	0.070	2.248E-01
B8GZM2	P34534	13	2.302E+00	0.009	2.878E-01	0.188	2.180E-01
B8GZM2	Q3SJH8	12	1.559E+00	0.008	1.509E-01	0.097	2.704E-01
B8GZM2	P14892	10	4.247E+00	0.000	2.226E-01	0.087	2.577E-01
B8GZM2	C1L2D3	10	3.041E+00	0.000	1.857E-01	0.100	2.382E-01
B8GZM2	Q9SYC9	10	4.247E+00	0.000	2.087E-01	0.109	2.748E-01
B8GZM2	Q9XGA0	9	5.932E+00	0.000	2.309E-01	0.105	2.756E-01
B8GZM2	P18952	8	7.834E+00	0.000	2.785E-01	0.089	2.397E-01
B8GZM2	Q10313	5	8.282E+00	0.000	1.350E-01	0.097	2.120E-01
Q22492	B2UPR7	551	5.326E-22	1.000	6.947E-01	0.151	5.115E-01
Q22492	Q3U4H6	350	4.032E-13	1.000	7.482E-01	0.150	5.117E-01
Q22492	P49610	263	1.559E-11	1.000	6.291E-01	0.149	4.355E-01
Q22492	P00691	121	1.010E-06	1.000	4.609E-01	0.082	3.359E-01
Q22492	P27756	120	1.133E-06	1.000	4.776E-01	0.082	3.230E-01
Q22492	B3PF24	94	5.503E-05	0.998	4.905E-01	0.104	3.194E-01
Q22492	P41131	94	3.291E-05	0.998	4.536E-01	0.082	3.180E-01
Q22492	G4FEF4	88	2.429E-04	0.995	5.063E-01	0.089	3.390E-01
Q22492	P36913	80	9.566E-04	0.984	5.310E-01	0.111	3.448E-01
Q22492	Q8WPJ2	78	4.553E-04	0.978	4.738E-01	0.069	3.173E-01
Q22492	P49425	71	7.612E-04	0.941	4.672E-01	0.107	2.930E-01
Q22492	D7CFN7	69	1.013E-03	0.923	4.559E-01	0.069	3.011E-01
Q22492	Q92451	59	1.898E-03	0.747	4.091E-01	0.093	2.747E-01
Q22492	Q8I4R4	58	8.871E-03	0.720	4.730E-01	0.083	3.241E-01
Q22492	O65399	54	1.250E-02	0.601	4.876E-01	0.099	2.917E-01
Q22492	G5EB30	54	4.471E-03	0.601	4.117E-01	0.101	2.765E-01
Q22492	Q9HLV9	50	4.390E-02	0.473	5.165E-01	0.085	3.367E-01
Q22492	B4XVN1	44	1.570E-02	0.301	3.920E-01	0.109	2.599E-01
Q22492	P0C7A1	41	4.146E-02	0.233	4.246E-01	0.074	2.689E-01
Q22492	Q5BA89	36	3.299E-02	0.150	3.420E-01	0.106	2.369E-01
Q22492	Q3SKU2	33	5.210E-02	0.116	3.366E-01	0.095	2.378E-01
Q22492	Q13231	33	1.159E-01	0.116	3.866E-01	0.112	2.603E-01
Q22492	O42918	33	1.633E-01	0.116	4.571E-01	0.122	2.460E-01
Q22492	Q8EJM6	29	1.542E-01	0.082	3.413E-01	0.123	2.473E-01
Q22492	Q9K838	28	8.228E-02	0.076	3.028E-01	0.100	2.176E-01
Q22492	Q54VQ7	19	1.542E-01	0.024	1.871E-01	0.071	2.064E-01
Q22492	P33562	17	2.258E+00	0.016	4.776E-01	0.088	2.365E-01
Q22492	A5WDG8	17	1.205E+00	0.016	3.247E-01	0.130	2.320E-01
Q22492	Q10423	15	6.429E-01	0.011	1.912E-01	0.086	2.249E-01
Q22492	Q8L7W7	14	1.603E+00	0.010	2.872E-01	0.087	2.239E-01
Q22492	B1VKF0	14	1.138E+00	0.010	2.196E-01	0.118	2.297E-01
Q22492	Q7SYN4	13	1.351E+00	0.009	2.261E-01	0.095	2.086E-01
Q22492	Q4FMW8	13	1.075E+00	0.009	1.768E-01	0.106	2.194E-01
Q22492	Q9WYH1	12	2.258E+00	0.008	2.539E-01	0.112	2.322E-01
Q22492	P76261	12	1.351E+00	0.008	1.919E-01	0.070	2.092E-01
Q22492	Q126M1	11	1.205E+00	0.007	1.549E-01	0.087	1.960E-01
Q22492	Q96DB2	9	5.631E+00	0.000	2.852E-01	0.075	2.373E-01
Q22492	Q0VMA8	9	3.005E+00	0.000	1.898E-01	0.082	2.177E-01
Q22492	A2STA4	8	3.181E+00	0.000	1.674E-01	0.085	2.119E-01
Q22492	P49158	8	7.490E+00	0.000	2.876E-01	0.180	2.511E-01
Q22492	Q0WL81	8	2.838E+00	0.000	1.257E-01	0.072	2.130E-01
Q22492	Q9SYC9	6	6.312E+00	0.000	1.827E-01	0.115	2.046E-01
Q22492	A8MCV2	5	7.490E+00	0.000	1.586E-01	0.102	1.913E-01
Q22492	Q9BZ23	4	9.960E+00	0.000	2.270E-01	0.095	1.314E-01
Q9P8W0	A8GAD1	148	1.744E-06	1.000	6.496E-01	0.121	3.436E-01
Q9P8W0	Q9WYH1	127	2.608E-07	1.000	4.327E-01	0.101	3.082E-01
Q9P8W0	O32232	110	6.624E-05	1.000	5.809E-01	0.107	3.433E-01
Q9P8W0	I6Y2J4	92	1.667E-04	0.997	5.635E-01	0.135	2.863E-01
Q9P8W0	P0DSI2	54	3.057E-02	0.601	5.538E-01	0.154	2.966E-01
Q9P8W0	P26876	51	9.259E-03	0.505	4.034E-01	0.110	2.701E-01
Q9P8W0	P41773	31	3.407E-02	0.098	2.636E-01	0.101	2.184E-01
Q9P8W0	Q5VKJ7	29	6.191E-02	0.082	2.531E-01	0.091	2.243E-01
Q9P8W0	Q3U4H6	25	8.121E-02	0.057	2.038E-01	0.109	2.357E-01
Q9P8W0	Q54VQ7	22	2.158E-01	0.040	2.534E-01	0.107	1.983E-01
Q9P8W0	Q8ZVM0	21	6.053E-01	0.034	3.605E-01	0.082	2.064E-01
Q9P8W0	C7C422	18	1.100E+00	0.020	3.771E-01	0.096	1.815E-01
Q9P8W0	P18952	17	1.366E+00	0.016	3.398E-01	0.111	2.136E-01
Q9P8W0	Q8I4R4	17	3.713E-01	0.016	1.711E-01	0.096	2.321E-01
Q9P8W0	P29126	15	6.747E-01	0.011	1.796E-01	0.077	2.165E-01
Q9P8W0	E0XKJ9	13	7.123E-01	0.009	1.548E-01	0.098	1.853E-01
Q9P8W0	A0QPN2	12	1.523E+00	0.008	2.224E-01	0.107	1.843E-01
Q9P8W0	Q5BMR2	12	3.833E+00	0.008	3.518E-01	0.063	2.236E-01
Q9P8W0	Q93571	11	4.047E+00	0.007	4.365E-01	0.133	1.370E-01
Q9P8W0	Q31G65	11	4.272E+00	0.007	2.958E-01	0.135	2.511E-01
Q9P8W0	P49424	11	1.698E+00	0.007	1.751E-01	0.150	2.195E-01
Q9P8W0	Q8S1D9	11	3.085E+00	0.007	2.432E-01	0.096	2.102E-01
Q9P8W0	O60674	11	2.483E+00	0.007	3.002E-01	0.104	1.639E-01
Q9P8W0	O74539	11	3.438E+00	0.007	2.379E-01	0.100	2.306E-01
Q9P8W0	B4U701	10	2.110E+00	0.000	1.816E-01	0.087	1.952E-01
Q9P8W0	Q8WPJ2	10	1.793E+00	0.000	1.598E-01	0.119	1.904E-01
Q9P8W0	B1VKF0	10	7.350E+00	0.000	4.078E-01	0.197	2.155E-01
Q9P8W0	A0A191T6Q6	10	1.608E+00	0.000	1.493E-01	0.094	1.924E-01
Q9P8W0	D7CFN7	8	3.630E+00	0.000	2.558E-01	0.107	1.424E-01
Q9P8W0	P80187	7	4.762E+00	0.000	1.567E-01	0.118	1.855E-01
Q9P8W0	Q5AGZ9	7	8.648E+00	0.000	3.395E-01	0.185	1.941E-01
Q9P8W0	O80612	7	7.760E+00	0.000	2.855E-01	0.101	1.769E-01
Q9P8W0	Q0DVX2	6	5.028E+00	0.000	1.255E-01	0.098	1.892E-01
P50694	P22222	131	3.172E-05	1.000	5.986E-01	0.123	4.722E-01
P50694	A0P8X0	21	8.092E-02	0.034	1.307E-01	0.119	2.887E-01
P50694	Q9SYC9	20	3.542E+00	0.029	6.641E-01	0.097	3.255E-01
P50694	O07014	16	1.782E+00	0.014	4.435E-01	0.090	1.912E-01
P50694	Q9KG76	16	6.004E-01	0.014	2.388E-01	0.138	2.068E-01
P50694	P18475	14	2.372E+00	0.010	3.262E-01	0.025	2.237E-01
P50694	H2L045	14	4.994E+00	0.010	4.523E-01	0.120	2.952E-01
P50694	A7FH78	13	3.345E+00	0.009	3.801E-01	0.084	2.425E-01
P50694	O34779	12	2.240E+00	0.008	2.924E-01	0.075	2.039E-01
P50694	P49425	12	4.994E+00	0.008	3.926E-01	0.083	2.740E-01
P50694	D7CFN7	12	1.782E+00	0.008	1.629E-01	0.131	3.088E-01
P50694	P17906	11	2.660E+00	0.007	2.609E-01	0.104	1.983E-01
P50694	Q5BA89	10	3.542E+00	0.000	2.760E-01	0.150	2.061E-01
P50694	P0C7A1	10	2.983E+00	0.000	2.841E-01	0.136	1.725E-01
P50694	Q99558	9	5.288E+00	0.000	1.720E-01	0.085	3.500E-01
P50694	B1Q3J6	8	2.116E+00	0.000	1.302E-01	0.107	1.753E-01
P50694	O80596	7	1.887E+00	0.000	1.299E-01	0.089	1.462E-01
P50694	Q9NVE5	7	2.983E+00	0.000	1.309E-01	0.087	2.009E-01
P50694	Q59478	6	5.288E+00	0.000	1.644E-01	0.081	1.883E-01
P50694	P86926	5	9.920E+00	0.000	2.115E-01	0.063	1.839E-01
P50694	Q6MLD2	5	5.288E+00	0.000	1.340E-01	0.078	1.630E-01
P50694	P97687	5	9.369E+00	0.000	2.275E-01	0.098	1.888E-01
P50694	G4FEF4	5	5.288E+00	0.000	2.024E-01	0.118	1.172E-01
P50694	Q9ES63	5	5.288E+00	0.000	1.795E-01	0.085	1.352E-01
P50694	Q8ZVM0	4	5.929E+00	0.000	1.191E-01	0.054	1.381E-01
Q5UPY1	F9VN79	159	2.020E-06	1.000	7.197E-01	0.163	5.022E-01
Q5UPY1	C1L2D3	40	6.796E-02	0.214	4.349E-01	0.075	3.546E-01
Q5UPY1	Q21Z99	30	1.288E-01	0.090	3.347E-01	0.140	3.269E-01
Q5UPY1	Q9BQ50	29	5.262E-02	0.082	2.862E-01	0.074	2.646E-01
Q5UPY1	P97687	26	4.630E-02	0.063	2.242E-01	0.085	2.615E-01
Q5UPY1	P29349	25	5.610E-02	0.057	1.842E-01	0.113	3.097E-01
Q5UPY1	Q6NVF4	17	2.016E-01	0.016	1.454E-01	0.123	2.969E-01
Q5UPY1	E0XKJ9	16	9.352E-01	0.014	2.793E-01	0.096	2.730E-01
Q5UPY1	P54493	14	1.373E+00	0.010	2.531E-01	0.121	2.806E-01
Q5UPY1	B3ETH8	13	3.360E+00	0.009	3.824E-01	0.098	2.736E-01
Q5UPY1	Q31G65	13	1.463E+00	0.009	2.438E-01	0.092	2.514E-01
Q5UPY1	Q9C5E5	13	3.152E+00	0.009	5.253E-01	0.151	2.052E-01
Q5UPY1	P37646	12	1.890E+00	0.008	2.850E-01	0.100	2.333E-01
Q5UPY1	Q93K97	11	2.774E+00	0.007	4.527E-01	0.131	1.634E-01
Q5UPY1	P9WKQ1	11	2.015E+00	0.007	2.426E-01	0.105	2.316E-01
Q5UPY1	Q3U4H6	10	4.339E+00	0.000	3.203E-01	0.132	2.589E-01
Q5UPY1	Q9SYC9	10	4.931E+00	0.000	2.812E-01	0.045	2.953E-01
Q5UPY1	G5EB30	10	1.373E+00	0.000	1.264E-01	0.086	2.951E-01
Q5UPY1	Q1DAV2	9	1.663E+00	0.000	2.111E-01	0.121	1.482E-01
Q5UPY1	Q9CLA9	9	2.957E+00	0.000	1.725E-01	0.115	2.605E-01
Q5UPY1	Q10313	9	2.015E+00	0.000	1.128E-01	0.095	3.001E-01
Q5UPY1	Q5BMR2	9	4.071E+00	0.000	2.909E-01	0.117	2.178E-01
Q5UPY1	O20163	8	4.071E+00	0.000	1.667E-01	0.107	3.159E-01
Q5UPY1	O65399	8	4.071E+00	0.000	1.924E-01	0.130	2.598E-01
Q5UPY1	P54570	7	7.714E+00	0.000	3.657E-01	0.171	1.982E-01
Q5UPY1	Q59639	7	8.222E+00	0.000	4.462E-01	0.096	1.860E-01
Q5UPY1	P76261	7	4.071E+00	0.000	1.507E-01	0.113	2.737E-01
Q5UPY1	Q8YYI3	7	8.764E+00	0.000	4.727E-01	0.136	2.000E-01
Q5UPY1	A0A191T6Q6	7	5.974E+00	0.000	2.502E-01	0.132	2.340E-01
Q5UPY1	Q2EEX9	6	9.957E+00	0.000	2.954E-01	0.100	2.543E-01
Q5UPY1	Q59478	6	7.714E+00	0.000	4.062E-01	0.130	1.465E-01
Q5UPY1	Q504Y2	5	7.236E+00	0.000	2.338E-01	0.125	1.644E-01
Q5UPY1	P29126	5	9.342E+00	0.000	1.693E-01	0.072	3.143E-01
Q5UPY1	Q20500	5	7.236E+00	0.000	1.637E-01	0.104	2.395E-01
Q5UPY1	Q5IBC5	5	5.974E+00	0.000	1.439E-01	0.099	2.070E-01
Q8NFZ0	P75438	391	6.284E-15	1.000	5.823E-01	0.167	4.586E-01
Q8NFZ0	Q9YFQ8	63	3.147E-03	0.837	3.556E-01	0.107	2.852E-01
Q8NFZ0	Q6NVF4	57	2.038E-03	0.692	2.470E-01	0.089	3.054E-01
Q8NFZ0	Q0UMB6	55	1.971E-02	0.632	3.923E-01	0.109	2.984E-01
Q8NFZ0	Q0DVX2	42	2.509E-02	0.254	2.033E-01	0.095	3.714E-01
Q8NFZ0	O18017	35	1.497E-01	0.138	2.237E-01	0.098	3.925E-01
Q8NFZ0	O74539	22	2.546E-01	0.040	1.862E-01	0.093	2.406E-01
Q8NFZ0	Q8L7W7	21	5.785E-01	0.034	2.484E-01	0.124	2.327E-01
Q8NFZ0	P25439	20	3.569E-01	0.029	1.317E-01	0.113	3.232E-01
Q8NFZ0	P25201	17	4.394E+00	0.016	4.755E-01	0.200	2.747E-01
Q8NFZ0	Q01477	17	5.252E-01	0.016	8.376E-02	0.099	4.072E-01
Q8NFZ0	O96720	14	7.840E+00	0.010	5.132E-01	0.083	3.047E-01
Q8NFZ0	Q48H61	13	2.346E+00	0.009	2.193E-01	0.102	2.241E-01
Q8NFZ0	O52951	12	9.507E+00	0.008	5.077E-01	0.098	3.014E-01
Q8NFZ0	O32865	12	2.130E+00	0.008	1.503E-01	0.105	2.597E-01
Q8NFZ0	Q9VR91	12	1.252E+00	0.008	7.590E-02	0.107	3.494E-01
Q8NFZ0	P46961	11	2.846E+00	0.007	1.496E-01	0.100	2.533E-01
Q8NFZ0	P36913	11	1.843E+00	0.007	1.281E-01	0.112	2.426E-01
Q8NFZ0	Q5AGZ9	11	9.976E+00	0.007	6.047E-01	0.222	2.301E-01
Q8NFZ0	Q53728	10	9.060E+00	0.000	2.252E-01	0.106	4.410E-01
Q8NFZ0	Q9UX83	8	7.840E+00	0.000	2.242E-01	0.107	2.595E-01
Q8NFZ0	Q54PA9	8	5.330E+00	0.000	2.053E-01	0.125	1.679E-01
Q8NFZ0	Q8K9B8	8	4.394E+00	0.000	1.333E-01	0.078	2.340E-01
Q8NFZ0	P0DN21	8	4.187E+00	0.000	1.207E-01	0.099	2.276E-01
Q8NFZ0	Q21Z99	8	5.330E+00	0.000	1.463E-01	0.098	2.347E-01
Q8NFZ0	Q126M1	7	4.187E+00	0.000	1.426E-01	0.095	1.760E-01
Q8NFZ0	O20163	7	9.976E+00	0.000	2.281E-01	0.102	2.195E-01
Q8NFZ0	P27061	6	8.227E+00	0.000	1.471E-01	0.102	2.051E-01
P10329	Q8PU61	187	1.971E-05	1.000	7.480E-01	0.198	7.774E-01
P10329	O99827	82	1.566E-02	0.988	5.839E-01	0.148	6.514E-01
P10329	P48928	33	6.311E-01	0.116	4.196E-01	0.169	5.218E-01
P10329	Q0H8X1	32	9.580E-01	0.106	4.804E-01	0.067	5.354E-01
P10329	Q8U1L4	18	4.252E+00	0.020	4.047E-01	0.141	5.460E-01
P10329	O84282	13	6.454E+00	0.009	4.427E-01	0.209	4.003E-01
P10329	P97443	13	2.639E+00	0.009	1.817E-01	0.145	4.481E-01
P10329	A4SGY3	13	3.556E+00	0.009	3.022E-01	0.153	3.277E-01
P10329	P0DV89	12	7.270E+00	0.008	3.178E-01	0.103	4.997E-01
P10329	Q8XJU2	9	8.190E+00	0.000	3.189E-01	0.154	3.451E-01
Q14674	G5ED39	1014	3.942E-27	1.000	6.782E-01	0.135	5.013E-01
Q14674	P18296	953	1.033E-32	1.000	4.436E-01	0.127	4.707E-01
Q14674	Q5IBC5	916	7.669E-35	1.000	3.755E-01	0.135	4.550E-01
Q14674	Q03018	746	1.742E-26	1.000	4.580E-01	0.119	4.212E-01
Q14674	Q9VF81	73	4.447E-03	0.956	2.790E-01	0.122	3.104E-01
Q14674	O74539	61	4.971E-03	0.795	2.054E-01	0.106	3.052E-01
Q14674	P37297	55	4.447E-03	0.632	1.801E-01	0.091	2.792E-01
Q14674	P97443	54	2.040E-01	0.601	3.814E-01	0.122	3.677E-01
Q14674	P54493	45	4.973E-02	0.326	2.245E-01	0.111	2.772E-01
Q14674	Q59478	29	1.895E+00	0.082	6.633E-01	0.230	1.813E-01
Q14674	P53349	27	1.046E+00	0.069	1.533E-01	0.134	4.619E-01
Q14674	P18106	26	7.765E-02	0.063	5.996E-02	0.127	4.009E-01
Q14674	A0QLI5	23	2.549E-01	0.045	7.444E-02	0.105	3.777E-01
Q14674	Q8LL04	22	3.432E+00	0.040	2.041E-01	0.146	5.172E-01
Q14674	D4AZ24	21	1.356E+00	0.034	2.237E-01	0.096	2.395E-01
Q14674	P0DV89	17	2.747E+00	0.016	2.028E-01	0.085	2.473E-01
Q14674	P80734	16	9.351E+00	0.014	4.250E-01	0.121	3.616E-01
Q14674	Q9UKN8	16	8.683E+00	0.014	2.544E-01	0.172	5.191E-01
Q14674	Q06163	16	6.697E+00	0.014	3.364E-01	0.095	2.900E-01
Q14674	P75438	11	3.982E+00	0.007	1.378E-01	0.149	2.232E-01
Q14674	Q1L8G6	11	3.837E+00	0.007	9.297E-02	0.105	3.304E-01
Q14674	Q09451	9	6.950E+00	0.000	1.693E-01	0.110	2.102E-01
Q14674	Q6R9F9	9	2.550E+00	0.000	7.301E-02	0.092	1.986E-01
Q14674	Q9NX78	7	7.768E+00	0.000	1.064E-01	0.111	2.596E-01
Q57606	Q57877	191	1.801E-07	1.000	6.853E-01	0.287	6.137E-01
Q57606	Q8ECH7	175	1.913E-06	1.000	7.314E-01	0.219	6.247E-01
Q57606	Q59119	69	4.727E-03	0.923	5.876E-01	0.103	4.228E-01
Q57606	Q5U315	53	2.971E-02	0.569	5.458E-01	0.208	4.228E-01
Q57606	Q6PCL9	50	4.704E-02	0.473	5.366E-01	0.165	4.365E-01
Q57606	P25615	39	9.068E-02	0.196	4.156E-01	0.256	4.127E-01
Q57606	A0A150XSC5	31	2.428E-01	0.098	4.182E-01	0.127	3.824E-01
Q57606	A0A381HBN1	29	1.637E-01	0.082	3.557E-01	0.159	3.370E-01
Q57606	Q9UX83	27	1.029E+00	0.069	6.088E-01	0.100	3.788E-01
Q57606	Q57822	26	5.699E-01	0.063	4.125E-01	0.081	3.933E-01
Q57606	C4L0S9	24	1.029E+00	0.051	4.867E-01	0.085	3.680E-01
Q57606	P47330	22	1.099E+00	0.040	4.251E-01	0.129	3.616E-01
Q57606	O20163	21	6.086E-01	0.034	3.314E-01	0.100	3.221E-01
Q57606	Q9YCL9	20	4.680E-01	0.029	2.769E-01	0.088	3.081E-01
Q57606	F9VN79	18	1.526E+00	0.020	4.297E-01	0.106	2.879E-01
Q57606	A5FR85	17	3.354E+00	0.016	5.398E-01	0.128	3.508E-01
Q57606	Q8CXQ3	16	1.099E+00	0.014	3.216E-01	0.144	2.645E-01
Q57606	B3ETH8	16	2.416E+00	0.014	4.347E-01	0.079	3.083E-01
Q57606	B9KBV1	12	8.405E+00	0.008	6.405E-01	0.058	3.484E-01
Q57606	P33562	12	2.580E+00	0.008	2.508E-01	0.120	2.978E-01
Q57606	Q48H61	12	6.055E+00	0.008	4.893E-01	0.075	3.156E-01
Q57606	Q31G65	11	6.466E+00	0.007	4.059E-01	0.060	3.482E-01
Q57606	Q8BMZ5	10	4.084E+00	0.000	3.463E-01	0.067	2.375E-01
Q57606	Q97TX9	9	3.582E+00	0.000	2.263E-01	0.084	2.632E-01
Q57606	A6W230	9	7.872E+00	0.000	4.387E-01	0.181	3.022E-01
Q57606	Q2EEX9	9	5.671E+00	0.000	2.712E-01	0.120	3.443E-01
Q57606	O31502	9	5.671E+00	0.000	2.896E-01	0.091	2.936E-01
Q57606	Q9M8T9	8	3.825E+00	0.000	2.377E-01	0.140	2.077E-01
Q57606	P10297	7	9.582E+00	0.000	3.840E-01	0.054	2.457E-01
Q69ZR2	Q3U487	319	6.975E-10	1.000	4.647E-01	0.118	4.568E-01
Q69ZR2	Q86DA5	95	4.410E-03	0.998	3.520E-01	0.106	3.865E-01
Q69ZR2	P37297	80	8.795E-05	0.984	1.593E-01	0.095	3.010E-01
Q69ZR2	Q20500	54	5.855E-02	0.601	2.843E-01	0.123	3.071E-01
Q69ZR2	Q5IBC5	53	8.726E-03	0.569	1.628E-01	0.088	3.069E-01
Q69ZR2	P18296	47	1.044E-02	0.382	1.461E-01	0.098	2.784E-01
Q69ZR2	G5ED39	44	9.046E-03	0.301	1.292E-01	0.123	2.716E-01
Q69ZR2	P54493	41	3.416E-02	0.233	1.487E-01	0.092	2.881E-01
Q69ZR2	Q9NX78	41	8.726E-03	0.233	1.174E-01	0.108	2.593E-01
Q69ZR2	Q5BA89	37	9.644E-01	0.164	4.485E-01	0.102	2.665E-01
Q69ZR2	Q03018	34	1.783E-01	0.126	1.621E-01	0.098	3.032E-01
Q69ZR2	B4XVN1	32	4.222E-01	0.106	2.823E-01	0.088	2.124E-01
Q69ZR2	P62576	25	6.496E-01	0.057	2.253E-01	0.096	2.037E-01
Q69ZR2	Q7U5S4	19	1.713E+00	0.024	1.853E-01	0.128	2.487E-01
Q69ZR2	P53599	19	3.528E-01	0.024	6.150E-02	0.130	3.308E-01
Q69ZR2	P0DV89	16	6.241E+00	0.014	2.871E-01	0.098	3.063E-01
Q69ZR2	O07014	16	1.538E+00	0.014	1.338E-01	0.104	2.377E-01
Q69ZR2	P0ABN1	15	5.216E+00	0.011	2.278E-01	0.137	2.768E-01
Q69ZR2	P53349	14	5.809E+00	0.010	1.846E-01	0.135	3.253E-01
Q69ZR2	Q6R7K3	13	1.713E+00	0.009	9.462E-02	0.087	2.422E-01
Q69ZR2	P53306	10	3.270E+00	0.000	9.022E-02	0.138	2.113E-01
Q69ZR2	O20163	7	6.951E+00	0.000	7.474E-02	0.112	3.044E-01
Q53547	O32232	166	4.549E-07	1.000	6.198E-01	0.140	4.987E-01
Q53547	I6Y2J4	151	1.079E-06	1.000	6.015E-01	0.130	4.717E-01
Q53547	A8GAD1	133	7.762E-06	1.000	5.977E-01	0.110	4.626E-01
Q53547	Q9WYH1	121	1.958E-05	1.000	5.570E-01	0.127	4.683E-01
Q53547	P0DSI2	95	3.015E-05	0.998	4.653E-01	0.115	3.655E-01
Q53547	P18952	55	5.360E-03	0.632	4.525E-01	0.115	3.151E-01
Q53547	Q8S1D9	41	2.355E-02	0.233	3.846E-01	0.185	2.989E-01
Q53547	Q31G65	24	3.552E-01	0.051	3.792E-01	0.097	2.592E-01
Q53547	Q5E2G4	22	5.818E-01	0.040	4.625E-01	0.169	2.239E-01
Q53547	O31502	22	7.446E-01	0.040	4.381E-01	0.148	2.603E-01
Q53547	P41773	21	4.274E-01	0.034	3.348E-01	0.122	2.467E-01
Q53547	Q3U4H6	21	4.018E-01	0.034	2.866E-01	0.083	2.775E-01
Q53547	E0XKJ9	20	3.140E-01	0.029	2.636E-01	0.086	2.475E-01
Q53547	Q8EJM6	18	4.018E-01	0.020	2.316E-01	0.124	2.388E-01
Q53547	Q9UX83	17	1.467E+00	0.016	3.579E-01	0.098	2.710E-01
Q53547	P47330	17	1.380E+00	0.016	3.902E-01	0.075	2.403E-01
Q53547	A5FR85	16	2.259E+00	0.014	4.435E-01	0.044	2.562E-01
Q53547	B3ETH8	15	3.479E+00	0.011	5.067E-01	0.122	2.808E-01
Q53547	Q8KBF9	15	1.561E+00	0.011	3.214E-01	0.083	2.585E-01
Q53547	Q48NS2	14	1.297E+00	0.010	2.950E-01	0.120	2.216E-01
Q53547	O67359	13	1.147E+00	0.009	1.918E-01	0.109	2.450E-01
Q53547	Q53464	13	1.380E+00	0.009	2.132E-01	0.101	2.553E-01
Q53547	P37646	13	1.297E+00	0.009	2.505E-01	0.137	2.244E-01
Q53547	Q9KVK6	13	1.660E+00	0.009	2.513E-01	0.110	2.321E-01
Q53547	Q6MLD2	12	1.878E+00	0.008	2.482E-01	0.116	2.183E-01
Q53547	P76261	12	9.529E-01	0.008	1.980E-01	0.092	2.020E-01
Q53547	Q92451	12	1.766E+00	0.008	2.362E-01	0.073	2.289E-01
Q53547	Q8TEK3	12	3.936E+00	0.008	3.994E-01	0.084	2.479E-01
Q53547	A6W230	11	1.997E+00	0.007	2.031E-01	0.073	2.479E-01
Q53547	Q9BZ23	11	5.698E+00	0.007	5.103E-01	0.040	2.291E-01
Q53547	A0RKU8	9	7.291E+00	0.000	3.978E-01	0.084	2.536E-01
Q53547	P0DUE1	8	9.327E+00	0.000	3.590E-01	0.094	2.754E-01
Q53547	Q59119	8	9.327E+00	0.000	4.228E-01	0.107	2.596E-01
Q53547	Q126M1	7	7.754E+00	0.000	3.253E-01	0.112	2.311E-01
Q53547	Q0WL81	7	4.736E+00	0.000	1.927E-01	0.139	1.944E-01
Q53547	Q9K838	6	7.291E+00	0.000	1.996E-01	0.100	2.113E-01
Q53547	P27061	5	8.771E+00	0.000	2.201E-01	0.086	1.939E-01
P23031	A7LXU0	284	1.586E-09	1.000	6.913E-01	0.156	4.716E-01
P23031	B4XVN1	275	4.749E-07	1.000	8.736E-01	0.317	5.965E-01
P23031	P49425	201	2.161E-05	1.000	7.619E-01	0.166	5.823E-01
P23031	P26225	181	1.291E-04	1.000	8.519E-01	0.288	5.507E-01
P23031	P45796	154	2.380E-05	1.000	6.186E-01	0.146	4.298E-01
P23031	P18269	146	2.705E-06	1.000	5.224E-01	0.092	3.441E-01
P23031	P19487	139	2.666E-04	1.000	6.189E-01	0.163	5.046E-01
P23031	Q8WWR8	119	2.666E-04	1.000	6.045E-01	0.103	3.782E-01
P23031	Q9KG76	90	7.008E-04	0.996	4.378E-01	0.155	3.569E-01
P23031	O80596	52	1.755E-03	0.537	2.026E-01	0.109	3.035E-01
P23031	Q9UKN8	47	1.336E-02	0.382	3.347E-01	0.080	2.312E-01
P23031	P08581	41	4.261E-02	0.233	3.403E-01	0.081	2.409E-01
P23031	Q9SYC9	34	1.544E-02	0.126	1.770E-01	0.092	2.405E-01
P23031	D0CY60	32	2.944E-01	0.106	3.827E-01	0.110	2.521E-01
P23031	Q59639	24	4.129E-01	0.051	2.441E-01	0.096	2.634E-01
P23031	P18475	24	9.076E-03	0.051	1.122E-01	0.094	1.769E-01
P23031	Q9WYH1	21	2.241E+00	0.034	4.203E-01	0.082	2.714E-01
P23031	P0C7A1	16	7.374E-01	0.014	1.954E-01	0.073	1.949E-01
P23031	P29126	16	8.122E-01	0.014	1.294E-01	0.090	2.809E-01
P23031	Q93K97	12	6.486E+00	0.008	4.756E-01	0.042	1.921E-01
P23031	Q3J6L0	12	2.994E+00	0.008	2.765E-01	0.097	1.719E-01
P23031	O60674	12	3.143E+00	0.008	2.292E-01	0.103	2.017E-01
P23031	P49610	12	3.243E-01	0.008	1.138E-01	0.112	1.387E-01
P23031	P63883	10	2.352E+00	0.000	1.878E-01	0.085	1.495E-01
P23031	G4FEF4	9	3.813E+00	0.000	1.860E-01	0.111	1.822E-01
P23031	D4AZ24	9	2.034E+00	0.000	1.108E-01	0.096	1.819E-01
P23031	P22222	8	3.813E+00	0.000	1.162E-01	0.113	2.120E-01
P23031	Q5BMR2	7	6.181E+00	0.000	1.871E-01	0.059	1.746E-01
P23031	O07014	6	8.257E+00	0.000	1.988E-01	0.087	1.780E-01
Q58549	Q9BW91	198	8.770E-08	1.000	7.024E-01	0.223	5.516E-01
Q58549	P54570	144	2.980E-06	1.000	6.250E-01	0.226	4.840E-01
Q58549	Q93K97	134	2.535E-05	1.000	6.979E-01	0.195	4.955E-01
Q58549	P21290	67	1.722E-03	0.900	4.938E-01	0.187	3.511E-01
Q58549	Q54IF7	16	1.545E+00	0.014	2.711E-01	0.131	3.494E-01
Q58549	P0CT48	15	3.410E-01	0.011	1.989E-01	0.061	1.999E-01
Q58549	P29126	13	6.400E-01	0.009	1.819E-01	0.077	2.144E-01
Q58549	Q9ES63	12	1.988E+00	0.008	2.508E-01	0.109	2.547E-01
Q58549	P18296	10	4.799E+00	0.000	3.455E-01	0.128	2.542E-01
Q58549	O18017	9	6.173E+00	0.000	3.154E-01	0.142	2.772E-01
Q58549	B8YB57	8	2.900E+00	0.000	1.687E-01	0.117	2.006E-01
Q58549	P22222	8	3.289E+00	0.000	2.043E-01	0.085	2.177E-01
Q58549	Q9YFQ8	8	4.799E+00	0.000	3.839E-01	0.157	1.489E-01
Q58549	Q9KEI9	7	4.799E+00	0.000	1.785E-01	0.142	2.189E-01
Q58549	Q8TFH7	7	7.939E+00	0.000	2.852E-01	0.122	2.267E-01
Q58549	O34303	7	4.799E+00	0.000	1.976E-01	0.087	2.331E-01
Q58549	P38576	6	9.002E+00	0.000	3.862E-01	0.137	1.564E-01
Q58549	P82186	6	3.973E+00	0.000	1.396E-01	0.080	1.913E-01
Q58549	Q9I1X7	6	7.001E+00	0.000	1.818E-01	0.150	2.276E-01
Q58549	A0P8X0	6	6.173E+00	0.000	1.902E-01	0.096	2.419E-01
Q58549	F1SVL1	5	7.939E+00	0.000	2.532E-01	0.100	1.592E-01
Q58549	P0AG74	4	8.454E+00	0.000	1.188E-01	0.137	1.897E-01
Q58549	Q06508	3	9.586E+00	0.000	1.163E-01	0.100	2.193E-01
Q6ZQ93	Q9NVE5	845	3.874E-20	1.000	7.057E-01	0.188	6.662E-01
Q6ZQ93	Q8L6Y1	421	3.799E-11	1.000	6.171E-01	0.129	5.771E-01
Q6ZQ93	Q01477	358	3.951E-09	1.000	6.402E-01	0.143	5.789E-01
Q6ZQ93	Q9ES63	352	4.625E-09	1.000	6.309E-01	0.117	5.740E-01
Q6ZQ93	Q6CMN5	320	8.855E-10	1.000	5.464E-01	0.127	4.782E-01
Q6ZQ93	P37297	60	5.744E-04	0.772	1.457E-01	0.098	3.010E-01
Q6ZQ93	Q03018	53	1.662E-03	0.569	1.561E-01	0.099	2.698E-01
Q6ZQ93	Q5IBC5	51	1.507E-04	0.505	9.731E-02	0.100	2.659E-01
Q6ZQ93	O74539	43	5.744E-02	0.277	2.269E-01	0.103	2.834E-01
Q6ZQ93	P18296	27	8.514E-02	0.069	1.085E-01	0.101	2.742E-01
Q6ZQ93	Q9WTR2	20	6.857E-01	0.029	1.581E-01	0.098	2.339E-01
Q6ZQ93	Q86DA5	18	4.192E+00	0.020	1.991E-01	0.121	4.669E-01
Q6ZQ93	Q9VR91	17	2.064E+00	0.016	1.840E-01	0.121	2.675E-01
Q6ZQ93	P53349	17	4.192E+00	0.016	1.642E-01	0.114	4.927E-01
Q6ZQ93	Q553Y7	16	2.614E+00	0.014	1.086E-01	0.108	4.513E-01
Q6ZQ93	H2QL32	15	1.449E+00	0.011	1.186E-01	0.108	2.481E-01
Q6ZQ93	Q9VF81	14	1.834E+00	0.010	1.332E-01	0.094	2.503E-01
Q6ZQ93	P56524	14	2.719E+00	0.010	8.137E-02	0.124	4.817E-01
Q6ZQ93	Q9KFH7	11	5.743E+00	0.007	1.638E-01	0.120	2.702E-01
Q6ZQ93	Q9I788	11	5.743E+00	0.007	1.470E-01	0.111	3.130E-01
Q6ZQ93	P26225	11	6.992E+00	0.007	2.161E-01	0.126	2.601E-01
Q6ZQ93	Q96G75	10	6.722E+00	0.000	1.515E-01	0.121	2.757E-01
Q6ZQ93	P25439	10	6.722E+00	0.000	1.212E-01	0.127	3.670E-01
Q6ZQ93	Q9KVK6	7	8.510E+00	0.000	1.283E-01	0.088	2.615E-01
Q6ZQ93	Q06163	7	6.722E+00	0.000	1.234E-01	0.098	2.043E-01
A1VYL9	Q1DAV2	495	1.968E-15	1.000	9.049E-01	0.252	7.493E-01
A1VYL9	Q11A17	485	4.173E-15	1.000	9.026E-01	0.238	7.493E-01
A1VYL9	O80612	24	1.759E-01	0.051	2.851E-01	0.162	2.669E-01
A1VYL9	Q5V1K0	16	2.440E+00	0.014	4.606E-01	0.075	2.659E-01
A1VYL9	Q67472	16	1.225E+00	0.014	3.072E-01	0.112	2.506E-01
A1VYL9	P47330	16	2.022E+00	0.014	3.619E-01	0.111	2.984E-01
A1VYL9	O31502	16	6.550E-01	0.014	2.375E-01	0.052	2.533E-01
A1VYL9	B2UPR7	16	1.784E+00	0.014	4.432E-01	0.181	2.319E-01
A1VYL9	Q2EEX9	14	2.022E+00	0.010	3.185E-01	0.173	2.593E-01
A1VYL9	Q8W4C3	14	2.765E+00	0.010	4.114E-01	0.098	2.501E-01
A1VYL9	P36126	14	6.974E-01	0.010	2.018E-01	0.082	2.209E-01
A1VYL9	F1SVL1	13	5.099E-01	0.009	1.638E-01	0.126	2.138E-01
A1VYL9	P18952	13	4.026E+00	0.009	3.665E-01	0.059	3.321E-01
A1VYL9	Q83FY2	11	2.597E+00	0.007	2.717E-01	0.160	2.192E-01
A1VYL9	P00691	11	2.597E+00	0.007	3.199E-01	0.123	1.813E-01
A1VYL9	P49610	11	1.574E+00	0.007	2.049E-01	0.107	2.238E-01
A1VYL9	F9VN79	10	2.765E+00	0.000	3.369E-01	0.106	1.747E-01
A1VYL9	Q7WTB3	10	4.858E+00	0.000	4.096E-01	0.119	2.068E-01
A1VYL9	P23179	10	4.286E+00	0.000	2.803E-01	0.097	2.601E-01
A1VYL9	Q9SYC9	10	1.478E+00	0.000	2.392E-01	0.080	1.530E-01
A1VYL9	P29349	10	4.563E+00	0.000	3.576E-01	0.136	2.154E-01
A1VYL9	Q6NVF4	10	2.022E+00	0.000	2.261E-01	0.071	1.968E-01
A1VYL9	O34779	9	2.944E+00	0.000	2.130E-01	0.080	2.214E-01
A1VYL9	O24982	9	5.862E+00	0.000	3.765E-01	0.061	2.256E-01
A1VYL9	H2L045	9	2.292E+00	0.000	1.932E-01	0.099	1.962E-01
A1VYL9	Q54IF7	8	6.240E+00	0.000	2.744E-01	0.073	2.360E-01
A1VYL9	Q6BMM5	8	4.563E+00	0.000	2.677E-01	0.061	1.878E-01
A1VYL9	Q5BMR2	8	5.172E+00	0.000	2.813E-01	0.093	2.299E-01
A1VYL9	Q5AGZ9	7	2.597E+00	0.000	1.423E-01	0.087	1.631E-01
A1VYL9	O20163	7	8.532E+00	0.000	3.128E-01	0.095	2.784E-01
A1VYL9	A0QPN2	7	4.858E+00	0.000	1.657E-01	0.129	2.378E-01
A1VYL9	Q12923	6	6.240E+00	0.000	2.323E-01	0.080	1.518E-01
A1VYL9	Q3SKJ2	5	9.668E+00	0.000	2.302E-01	0.100	2.447E-01
A1VYL9	P18475	5	8.532E+00	0.000	2.736E-01	0.090	1.509E-01
O46310	Q6R7K3	612	3.482E-13	1.000	8.405E-01	0.254	7.136E-01
O46310	Q9KFH7	451	5.254E-10	1.000	8.421E-01	0.209	6.431E-01
O46310	Q9CBQ2	373	4.839E-09	1.000	7.618E-01	0.172	5.856E-01
O46310	P74133	35	6.726E-01	0.138	4.155E-01	0.119	2.935E-01
O46310	P22759	16	5.476E+00	0.014	3.278E-01	0.116	3.028E-01
O46310	Q8LL04	16	4.279E+00	0.014	2.555E-01	0.131	3.108E-01
O46310	P18296	14	3.080E+00	0.010	1.690E-01	0.134	2.747E-01
O46310	A0QU81	13	3.209E+00	0.009	1.980E-01	0.125	2.247E-01
O46310	Q823P5	12	4.107E+00	0.008	1.946E-01	0.103	2.436E-01
O46310	P42517	10	7.926E+00	0.000	2.368E-01	0.115	2.460E-01
O46310	Q9RR70	10	5.476E+00	0.000	1.678E-01	0.136	2.281E-01
O46310	P08417	10	5.706E+00	0.000	1.646E-01	0.121	2.618E-01
O46310	Q9I788	9	4.646E+00	0.000	1.267E-01	0.133	2.432E-01
O46310	Q5IBC5	9	9.731E+00	0.000	2.214E-01	0.095	2.787E-01
O46310	O99824	7	9.731E+00	0.000	1.846E-01	0.069	2.393E-01
O46310	Q41745	7	8.258E+00	0.000	1.548E-01	0.129	2.169E-01
O46310	Q9WTR2	7	8.965E+00	0.000	1.445E-01	0.092	2.174E-01
Q38924	Q8KRU5	325	6.266E-15	1.000	6.264E-01	0.117	4.203E-01
Q38924	Q5GIT4	55	1.242E-02	0.632	4.620E-01	0.107	3.241E-01
Q38924	Q9KG76	46	7.831E-02	0.353	4.927E-01	0.141	3.590E-01
Q38924	P08581	37	1.562E-01	0.164	4.467E-01	0.087	3.148E-01
Q38924	P18475	32	1.753E-01	0.106	3.950E-01	0.151	2.803E-01
Q38924	Q8CXQ3	27	2.778E-01	0.069	3.516E-01	0.068	2.791E-01
Q38924	P49425	27	7.397E-03	0.069	1.736E-01	0.109	1.867E-01
Q38924	Q54PA9	19	2.474E+00	0.024	4.959E-01	0.084	2.820E-01
Q38924	P33562	18	1.314E+00	0.020	3.812E-01	0.150	2.315E-01
Q38924	B4XVN1	18	9.301E-01	0.020	3.214E-01	0.125	2.408E-01
Q38924	A5FR85	17	1.240E+00	0.016	2.979E-01	0.087	2.471E-01
Q38924	Q7UGJ6	16	6.975E-01	0.014	2.657E-01	0.096	1.876E-01
Q38924	Q8KBF9	16	8.781E-01	0.014	2.786E-01	0.081	2.112E-01
Q38924	Q6AW06	16	8.781E-01	0.014	2.926E-01	0.086	1.910E-01
Q38924	Q5BMR2	15	1.474E+00	0.011	2.142E-01	0.102	3.125E-01
Q38924	E0XKJ9	13	2.776E+00	0.009	3.219E-01	0.083	2.354E-01
Q38924	Q97AJ4	12	6.975E-01	0.008	1.794E-01	0.104	1.656E-01
Q38924	P26225	12	5.865E+00	0.008	4.221E-01	0.130	2.892E-01
Q38924	O55716	11	1.171E+00	0.007	2.256E-01	0.102	1.453E-01
Q38924	P34697	10	3.702E+00	0.000	2.535E-01	0.065	2.195E-01
Q38924	Q9HN88	10	2.205E+00	0.000	1.852E-01	0.067	2.055E-01
Q38924	Q8WPJ2	10	2.776E+00	0.000	2.331E-01	0.089	2.050E-01
Q38924	Q50983	10	1.654E+00	0.000	2.449E-01	0.159	1.393E-01
Q38924	Q04806	9	4.659E+00	0.000	3.355E-01	0.071	1.514E-01
Q38924	Q17VI1	9	1.654E+00	0.000	1.912E-01	0.120	1.442E-01
Q38924	P63883	9	2.336E+00	0.000	1.421E-01	0.106	2.368E-01
Q38924	P19487	9	1.965E+00	0.000	1.672E-01	0.128	1.648E-01
Q38924	Q1Q7Z7	8	2.082E+00	0.000	1.492E-01	0.078	1.636E-01
Q38924	Q8WWR8	8	3.921E+00	0.000	2.215E-01	0.074	1.890E-01
Q38924	B2UPR7	8	1.752E+00	0.000	1.422E-01	0.125	1.624E-01
Q38924	P86926	7	3.702E+00	0.000	1.542E-01	0.045	1.736E-01
Q38924	Q9UKN8	7	4.659E+00	0.000	2.131E-01	0.086	1.853E-01
Q38924	G5EB30	7	6.580E+00	0.000	2.506E-01	0.105	2.095E-01
Q38924	Q54VQ7	7	4.399E+00	0.000	1.737E-01	0.071	1.761E-01
Q38924	O94251	6	6.580E+00	0.000	2.478E-01	0.023	1.547E-01
Q38924	P21290	6	3.702E+00	0.000	1.323E-01	0.038	1.627E-01
Q38924	A0R3R7	4	8.281E+00	0.000	1.143E-01	0.082	1.595E-01
Q84JU4	P29349	72	2.367E-03	0.949	3.663E-01	0.125	5.629E-01
Q84JU4	H2L045	61	4.880E-02	0.795	6.596E-01	0.201	4.715E-01
Q84JU4	Q12923	33	8.892E-01	0.116	5.938E-01	0.104	4.740E-01
Q84JU4	Q5AGZ9	28	1.024E-01	0.076	2.048E-01	0.093	4.184E-01
Q84JU4	Q126M1	25	2.431E-01	0.057	2.142E-01	0.107	4.328E-01
Q84JU4	Q9SYC9	24	2.020E-01	0.051	2.442E-01	0.112	3.062E-01
Q84JU4	Q59601	20	9.459E-01	0.029	3.308E-01	0.104	3.350E-01
Q84JU4	Q11087	20	6.946E-01	0.029	3.438E-01	0.160	2.547E-01
Q84JU4	I6Y2J4	19	2.389E+00	0.024	5.023E-01	0.102	3.343E-01
Q84JU4	P47330	18	9.459E-01	0.020	2.587E-01	0.093	3.157E-01
Q84JU4	O96720	15	1.006E+00	0.011	2.803E-01	0.100	2.182E-01
Q84JU4	B9KBV1	14	3.058E+00	0.010	4.124E-01	0.180	2.457E-01
Q84JU4	O52951	14	1.866E+00	0.010	3.272E-01	0.103	2.443E-01
Q84JU4	Q96DB2	14	1.754E+00	0.010	2.410E-01	0.120	3.178E-01
Q84JU4	A5W820	13	2.875E+00	0.009	3.261E-01	0.211	2.659E-01
Q84JU4	Q4FMW8	13	2.541E+00	0.009	2.986E-01	0.066	2.597E-01
Q84JU4	Q8ECH7	12	1.649E+00	0.008	2.107E-01	0.120	2.733E-01
Q84JU4	P0DSI2	12	3.253E+00	0.008	3.448E-01	0.120	2.639E-01
Q84JU4	Q3U4H6	12	2.875E+00	0.008	2.640E-01	0.073	2.761E-01
Q84JU4	Q48H61	11	2.111E+00	0.007	2.339E-01	0.063	2.173E-01
Q84JU4	A7I3S0	10	4.429E+00	0.000	2.961E-01	0.049	2.412E-01
Q84JU4	Q21Z99	9	5.011E+00	0.000	2.337E-01	0.082	2.738E-01
Q84JU4	Q44233	9	3.915E+00	0.000	2.286E-01	0.093	2.531E-01
Q84JU4	Q9CBQ2	8	6.415E+00	0.000	2.168E-01	0.111	3.380E-01
Q84JU4	E0XKJ9	7	8.210E+00	0.000	2.855E-01	0.105	2.666E-01
P49915	Q4FMW8	1504	3.494E-48	1.000	8.180E-01	0.304	6.568E-01
P49915	Q6MLD2	1491	3.739E-47	1.000	8.294E-01	0.298	6.648E-01
P49915	Q9Z913	809	1.508E-36	1.000	4.719E-01	0.245	5.664E-01
P49915	Q5V1K0	603	1.396E-16	1.000	9.208E-01	0.291	7.386E-01
P49915	Q50983	345	1.082E-10	1.000	8.186E-01	0.193	6.189E-01
P49915	Q7UGJ6	333	7.770E-11	1.000	7.642E-01	0.218	6.013E-01
P49915	Q17VI1	279	4.113E-09	1.000	7.605E-01	0.156	5.810E-01
P49915	Q97AJ4	255	2.400E-08	1.000	7.638E-01	0.218	5.680E-01
P49915	Q31G65	133	7.736E-07	1.000	4.402E-01	0.123	3.816E-01
P49915	Q2EEX9	127	2.233E-05	1.000	5.341E-01	0.126	4.357E-01
P49915	Q48H61	121	2.000E-05	1.000	5.164E-01	0.150	4.021E-01
P49915	Q8CXQ3	108	7.508E-05	1.000	5.003E-01	0.155	4.042E-01
P49915	B3ETH8	101	5.463E-04	1.000	5.535E-01	0.141	4.357E-01
P49915	P47330	85	6.364E-05	0.992	3.634E-01	0.159	3.349E-01
P49915	B9KBV1	41	1.597E-01	0.233	5.513E-01	0.128	3.015E-01
P49915	O20163	39	6.985E-02	0.196	3.877E-01	0.112	2.912E-01
P49915	Q9K838	29	3.605E-02	0.082	1.940E-01	0.128	2.685E-01
P49915	Q9M548	28	2.623E-01	0.076	3.587E-01	0.130	2.507E-01
P49915	Q55AX2	21	9.847E-01	0.034	3.741E-01	0.155	2.421E-01
P49915	Q8L7W7	20	1.709E+00	0.029	3.508E-01	0.076	3.204E-01
P49915	Q3U4H6	20	2.104E-01	0.029	1.766E-01	0.117	2.442E-01
P49915	P41131	16	2.966E+00	0.014	3.816E-01	0.188	2.874E-01
P49915	P26876	15	3.697E+00	0.011	3.401E-01	0.094	3.288E-01
P49915	Q6AW06	15	1.040E+00	0.011	2.176E-01	0.110	2.385E-01
P49915	O52951	14	1.530E+00	0.010	2.260E-01	0.114	2.447E-01
P49915	Q31HD6	14	1.530E+00	0.010	2.103E-01	0.103	2.690E-01
P49915	Q0WL81	13	5.370E-01	0.009	1.337E-01	0.116	2.219E-01
P49915	P25615	12	5.996E-01	0.008	1.087E-01	0.100	2.210E-01
P49915	Q8ECH7	11	7.996E+00	0.007	5.189E-01	0.116	2.306E-01
P49915	Q68EL2	10	5.146E+00	0.000	4.218E-01	0.058	1.657E-01
P49915	Q11A17	10	1.908E+00	0.000	1.724E-01	0.079	1.867E-01
P49915	P9WKQ1	10	5.146E+00	0.000	3.656E-01	0.142	1.896E-01
P49915	Q0DVX2	10	2.379E+00	0.000	1.651E-01	0.119	2.103E-01
P49915	A0A191T6Q6	10	3.311E+00	0.000	1.855E-01	0.109	2.392E-01
P49915	Q41745	8	6.415E+00	0.000	2.138E-01	0.113	2.443E-01
P49915	H2L045	8	4.128E+00	0.000	1.736E-01	0.076	2.299E-01
P49915	A3UNN4	6	6.778E+00	0.000	1.834E-01	0.068	1.858E-01
P49915	P26697	5	8.926E+00	0.000	1.517E-01	0.121	2.561E-01
P49915	Q20500	5	8.926E+00	0.000	1.511E-01	0.096	2.319E-01
A0A5B8NIM2	A0A0D1DWQ2	176	5.892E-06	1.000	5.623E-01	0.180	5.227E-01
A0A5B8NIM2	P42517	24	1.766E+00	0.051	3.757E-01	0.144	3.479E-01
A0A5B8NIM2	O66426	20	8.907E-01	0.029	2.114E-01	0.070	2.942E-01
A0A5B8NIM2	P43524	12	5.434E+00	0.008	2.804E-01	0.113	2.708E-01
A0A5B8NIM2	Q54VQ7	11	2.255E+00	0.007	1.398E-01	0.104	2.678E-01
A0A5B8NIM2	P18106	9	5.706E+00	0.000	1.722E-01	0.112	3.076E-01
A0A5B8NIM2	Q8U1L4	8	6.937E+00	0.000	1.898E-01	0.105	2.277E-01
A0A5B8NIM2	P53306	8	6.291E+00	0.000	1.618E-01	0.099	2.717E-01
A0A5B8NIM2	Q6R7K3	7	7.649E+00	0.000	1.525E-01	0.074	2.526E-01
P84786	P25892	466	5.858E-16	1.000	8.037E-01	0.197	6.576E-01
P84786	P10297	448	1.456E-15	1.000	8.123E-01	0.200	6.313E-01
P84786	Q98RC3	16	9.532E-01	0.014	3.039E-01	0.013	2.256E-01
P84786	Q7U5S4	15	3.835E-01	0.011	1.943E-01	0.102	2.031E-01
P84786	Q31HD6	13	1.549E+00	0.009	2.425E-01	0.088	2.315E-01
P84786	P45796	12	2.230E+00	0.008	3.003E-01	0.132	2.143E-01
P84786	P62576	11	5.216E+00	0.007	4.385E-01	0.117	2.428E-01
P84786	Q9CLA9	10	3.210E+00	0.000	2.651E-01	0.103	2.138E-01
P84786	Q97TX9	9	5.542E+00	0.000	4.219E-01	0.125	1.861E-01
P84786	Q9HWR3	9	2.518E+00	0.000	1.947E-01	0.076	2.125E-01
P84786	Q9WZ43	8	7.506E+00	0.000	3.384E-01	0.048	2.340E-01
P84786	Q93K97	7	8.473E+00	0.000	3.564E-01	0.114	1.993E-01
P84786	Q9WYH1	7	9.565E+00	0.000	4.276E-01	0.166	1.727E-01
P84786	O24982	7	6.648E+00	0.000	2.579E-01	0.074	1.989E-01
P84786	Q7VA47	7	3.210E+00	0.000	1.431E-01	0.121	1.930E-01
P84786	P18269	7	7.975E+00	0.000	3.576E-01	0.093	1.691E-01
P84786	P70954	6	5.542E+00	0.000	1.919E-01	0.098	1.921E-01
P84786	Q59NR8	6	9.565E+00	0.000	3.046E-01	0.123	1.788E-01
P84786	P29126	6	9.565E+00	0.000	3.011E-01	0.142	1.830E-01
P84786	P18106	6	9.002E+00	0.000	3.203E-01	0.194	1.786E-01
Q42868	Q59601	312	2.125E-12	1.000	6.828E-01	0.163	5.119E-01
Q42868	Q41745	267	2.423E-09	1.000	7.443E-01	0.183	5.825E-01
Q42868	Q11087	215	7.758E-09	1.000	6.024E-01	0.133	5.126E-01
Q42868	Q06508	88	8.069E-05	0.995	4.110E-01	0.136	3.653E-01
Q42868	P47330	25	3.122E-01	0.057	3.700E-01	0.146	2.453E-01
Q42868	Q6AW06	21	8.392E-01	0.034	3.877E-01	0.164	2.511E-01
Q42868	B4XVN1	20	1.337E+00	0.029	3.636E-01	0.085	2.962E-01
Q42868	P46961	18	8.895E-01	0.020	1.807E-01	0.116	3.986E-01
Q42868	Q9M548	18	1.261E+00	0.020	3.721E-01	0.114	2.418E-01
Q42868	Q8L7W7	16	1.895E+00	0.014	3.320E-01	0.075	2.697E-01
Q42868	Q8WPJ2	16	2.686E+00	0.014	3.867E-01	0.112	3.068E-01
Q42868	P25439	15	1.417E+00	0.011	3.032E-01	0.103	2.259E-01
Q42868	Q96DB2	14	1.417E+00	0.010	2.175E-01	0.104	2.651E-01
Q42868	P19487	14	4.534E+00	0.010	4.739E-01	0.100	2.685E-01
Q42868	A1ASL7	13	1.123E+00	0.009	2.195E-01	0.089	1.954E-01
Q42868	Q8PW90	12	2.129E+00	0.008	2.573E-01	0.093	2.051E-01
Q42868	B3PF24	12	5.399E+00	0.008	3.734E-01	0.127	2.986E-01
Q42868	Q6C4Y5	12	1.895E+00	0.008	2.316E-01	0.065	2.391E-01
Q42868	Q9P6Y2	12	3.390E+00	0.008	3.945E-01	0.104	2.069E-01
Q42868	A5W820	10	2.129E+00	0.000	1.860E-01	0.102	1.951E-01
Q42868	B4U701	10	2.129E+00	0.000	1.806E-01	0.083	2.303E-01
Q42868	Q3SKJ2	10	2.847E+00	0.000	2.173E-01	0.089	2.165E-01
Q42868	P76261	10	2.686E+00	0.000	2.150E-01	0.153	2.176E-01
Q42868	P0C7A1	10	3.593E+00	0.000	2.619E-01	0.103	2.098E-01
Q42868	O52951	9	5.399E+00	0.000	2.887E-01	0.051	2.356E-01
Q42868	P25201	9	2.847E+00	0.000	2.190E-01	0.065	1.931E-01
Q42868	P18952	8	3.593E+00	0.000	1.668E-01	0.090	2.298E-01
Q42868	A7IAL9	8	6.428E+00	0.000	3.114E-01	0.097	2.231E-01
Q42868	Q54PA9	7	4.806E+00	0.000	1.932E-01	0.094	1.842E-01
Q42868	P29126	7	4.278E+00	0.000	1.850E-01	0.120	1.942E-01
Q76EC9	E3E7F9	1408	1.307E-30	1.000	9.405E-01	0.374	8.097E-01
Q76EC9	A0A3R0A696	162	7.858E-15	1.000	1.388E-01	0.107	2.905E-01
Q76EC9	Q59478	115	1.383E-04	1.000	4.468E-01	0.110	3.714E-01
Q76EC9	Q93Z04	97	2.074E-04	0.999	4.821E-01	0.095	2.650E-01
Q76EC9	Q06365	90	3.274E-05	0.996	3.047E-01	0.131	2.695E-01
Q76EC9	Q59639	83	1.800E-03	0.990	3.839E-01	0.109	3.539E-01
Q76EC9	A7LXU0	67	2.483E-04	0.900	2.322E-01	0.097	2.691E-01
Q76EC9	Q5GIT4	66	8.162E-07	0.887	1.110E-01	0.080	2.547E-01
Q76EC9	B2UPR7	58	2.240E-02	0.720	4.167E-01	0.057	2.863E-01
Q76EC9	P18269	57	1.656E-04	0.692	1.486E-01	0.103	2.826E-01
Q76EC9	Q8BI06	50	3.253E-04	0.473	1.710E-01	0.087	2.121E-01
Q76EC9	O80596	49	1.656E-04	0.442	1.380E-01	0.084	2.306E-01
Q76EC9	P0C7A1	44	7.603E-03	0.301	2.104E-01	0.076	2.487E-01
Q76EC9	P00691	41	1.484E-01	0.233	3.561E-01	0.090	2.975E-01
Q76EC9	A0P8X0	30	2.358E-03	0.090	1.068E-01	0.082	1.853E-01
Q76EC9	P49425	23	8.211E-01	0.045	2.826E-01	0.043	2.483E-01
Q76EC9	P27756	18	1.944E-01	0.020	1.212E-01	0.074	1.865E-01
Q76EC9	Q8KRU5	17	8.985E-01	0.016	1.304E-01	0.103	2.874E-01
Q76EC9	Q83FY2	16	6.812E+00	0.014	5.014E-01	0.178	2.787E-01
Q76EC9	B8NJZ7	15	1.932E+00	0.011	2.796E-01	0.089	1.693E-01
Q76EC9	P18475	15	6.858E-01	0.011	1.122E-01	0.081	2.291E-01
Q76EC9	Q8L6Y1	14	3.030E+00	0.010	3.009E-01	0.105	1.830E-01
Q76EC9	Q3SKJ2	13	7.796E+00	0.009	4.409E-01	0.195	2.644E-01
Q76EC9	Q25197	13	6.556E-01	0.009	9.866E-02	0.077	1.943E-01
Q76EC9	O07014	12	6.812E+00	0.008	3.731E-01	0.068	2.382E-01
Q76EC9	Q8WY54	11	7.796E+00	0.007	3.743E-01	0.094	2.163E-01
Q76EC9	Q09103	11	2.313E+00	0.007	1.476E-01	0.093	1.977E-01
Q76EC9	Q7WTB3	10	1.347E+00	0.000	1.163E-01	0.068	1.546E-01
Q76EC9	Q9SYC9	10	9.832E-01	0.000	8.584E-02	0.086	1.787E-01
Q76EC9	Q59119	10	3.169E+00	0.000	1.413E-01	0.089	2.169E-01
Q76EC9	P29349	10	3.468E+00	0.000	1.417E-01	0.103	2.223E-01
Q76EC9	Q9WYH1	9	4.753E+00	0.000	1.874E-01	0.036	1.882E-01
Q76EC9	Q5AGZ9	9	6.226E+00	0.000	2.050E-01	0.104	2.160E-01
Q76EC9	Q5BMR2	9	3.468E+00	0.000	1.492E-01	0.132	1.630E-01
Q76EC9	P35970	8	7.453E+00	0.000	1.849E-01	0.107	2.325E-01
Q76EC9	Q9C5E5	8	5.440E+00	0.000	1.801E-01	0.115	1.573E-01
Q76EC9	P14746	7	2.647E+00	0.000	1.106E-01	0.081	1.412E-01
Q9HCN3	O80596	63	1.971E-06	0.837	1.582E-01	0.080	2.531E-01
Q9HCN3	P45796	60	4.494E-04	0.772	2.605E-01	0.095	2.966E-01
Q9HCN3	P49425	56	1.590E-02	0.663	4.426E-01	0.104	3.184E-01
Q9HCN3	Q59639	41	2.435E-02	0.233	2.775E-01	0.066	3.139E-01
Q9HCN3	Q9KG76	40	1.356E-02	0.214	2.708E-01	0.101	2.531E-01
Q9HCN3	P18269	39	7.853E-02	0.196	3.361E-01	0.102	3.270E-01
Q9HCN3	Q5BA89	33	3.676E-01	0.116	4.325E-01	0.099	3.150E-01
Q9HCN3	Q9NX78	30	1.745E-01	0.090	2.515E-01	0.098	3.323E-01
Q9HCN3	P0C7A1	29	4.373E-02	0.082	2.219E-01	0.086	2.300E-01
Q9HCN3	Q3U487	29	1.677E-02	0.082	1.635E-01	0.110	2.456E-01
Q9HCN3	O86372	25	8.169E-01	0.057	4.187E-01	0.106	2.611E-01
Q9HCN3	Q823P5	24	2.533E-01	0.051	1.839E-01	0.121	3.368E-01
Q9HCN3	Q25197	22	1.866E-02	0.040	1.182E-01	0.088	1.952E-01
Q9HCN3	P41480	20	9.583E-01	0.029	2.418E-01	0.102	3.235E-01
Q9HCN3	A0A191T6Q6	19	1.632E+00	0.024	3.900E-01	0.072	2.541E-01
Q9HCN3	A0A3R0A696	18	3.305E-01	0.020	1.526E-01	0.060	2.482E-01
Q9HCN3	A0QLI5	14	2.369E+00	0.010	2.598E-01	0.100	2.680E-01
Q9HCN3	P53349	14	1.319E+00	0.010	1.436E-01	0.091	3.282E-01
Q9HCN3	P19593	13	1.251E+00	0.009	1.859E-01	0.107	2.002E-01
Q9HCN3	P62576	12	1.251E+00	0.008	1.419E-01	0.077	2.545E-01
Q9HCN3	Q8PU61	11	4.486E+00	0.007	2.379E-01	0.159	3.003E-01
Q9HCN3	Q83FY2	11	4.254E+00	0.007	2.318E-01	0.109	2.660E-01
Q9HCN3	P26225	11	9.583E-01	0.007	1.180E-01	0.090	1.998E-01
Q9HCN3	Q9VR91	10	9.446E+00	0.000	2.638E-01	0.184	4.388E-01
Q9HCN3	Q11HB8	9	4.254E+00	0.000	1.608E-01	0.076	2.750E-01
Q9HCN3	Q99638	8	2.246E+00	0.000	1.072E-01	0.096	2.301E-01
Q9HCN3	Q504Y2	8	5.550E+00	0.000	2.122E-01	0.111	2.034E-01
Q9HCN3	Q8ZVM0	8	6.867E+00	0.000	2.680E-01	0.126	1.888E-01
Q9HCN3	B2UPR7	8	5.854E+00	0.000	2.216E-01	0.115	2.320E-01
Q9HCN3	P49610	8	2.498E+00	0.000	1.115E-01	0.094	2.175E-01
Q9HCN3	Q58724	5	8.957E+00	0.000	2.194E-01	0.115	1.469E-01
Q9HCN3	A7LXU0	5	6.511E+00	0.000	1.393E-01	0.077	1.655E-01
Q2QYE1	O80612	891	9.629E-31	1.000	7.121E-01	0.231	6.499E-01
Q2QYE1	P97687	888	6.387E-30	1.000	7.788E-01	0.240	6.217E-01
Q2QYE1	Q8K0L2	886	3.790E-29	1.000	7.808E-01	0.228	6.495E-01
Q2QYE1	Q9BZ23	47	2.035E-02	0.382	3.581E-01	0.101	3.231E-01
Q2QYE1	Q10423	39	2.405E-02	0.196	3.665E-01	0.103	2.297E-01
Q2QYE1	Q59119	24	7.167E-01	0.051	4.362E-01	0.141	2.367E-01
Q2QYE1	O65399	18	2.063E+00	0.020	3.947E-01	0.120	2.673E-01
Q2QYE1	P22222	17	1.951E+00	0.016	2.094E-01	0.134	4.318E-01
Q2QYE1	Q9KEI9	16	5.132E-01	0.014	1.887E-01	0.092	2.116E-01
Q2QYE1	Q93K97	15	1.119E+00	0.011	2.988E-01	0.086	1.773E-01
Q2QYE1	P45796	14	2.881E+00	0.010	4.185E-01	0.128	2.040E-01
Q2QYE1	P29126	14	4.253E+00	0.010	4.539E-01	0.177	2.649E-01
Q2QYE1	Q9C5E5	13	1.397E+00	0.009	2.214E-01	0.108	2.182E-01
Q2QYE1	Q6BMM5	13	3.220E+00	0.009	3.740E-01	0.060	2.254E-01
Q2QYE1	Q8ZNT5	10	4.023E+00	0.000	3.051E-01	0.159	1.749E-01
Q2QYE1	Q9VR91	10	4.496E+00	0.000	1.762E-01	0.155	3.747E-01
Q2QYE1	O60674	10	4.753E+00	0.000	1.841E-01	0.090	3.698E-01
Q2QYE1	Q196V9	9	9.263E+00	0.000	4.642E-01	0.117	2.232E-01
Q2QYE1	O52195	9	4.753E+00	0.000	2.257E-01	0.135	2.445E-01
Q2QYE1	Q9NVE5	9	4.253E+00	0.000	2.311E-01	0.121	2.187E-01
Q2QYE1	Q55AX2	9	3.404E+00	0.000	2.038E-01	0.082	2.059E-01
Q2QYE1	P87120	8	5.617E+00	0.000	2.705E-01	0.098	1.957E-01
Q2QYE1	Q6KHN3	8	7.016E+00	0.000	2.544E-01	0.105	2.422E-01
Q2QYE1	P29349	8	5.938E+00	0.000	2.489E-01	0.092	2.203E-01
Q2QYE1	F1SVL1	7	8.762E+00	0.000	3.222E-01	0.075	2.070E-01
Q2QYE1	P70954	7	5.617E+00	0.000	1.704E-01	0.111	2.095E-01
Q2QYE1	P63883	6	5.025E+00	0.000	1.632E-01	0.079	1.587E-01
Q2QYE1	P14746	6	9.792E+00	0.000	3.247E-01	0.074	1.491E-01
Q2QYE1	Q9SYC9	6	8.762E+00	0.000	2.216E-01	0.087	1.998E-01
Q2QYE1	Q9SGH2	6	5.938E+00	0.000	1.528E-01	0.121	1.935E-01
Q2QYE1	Q9RR70	5	9.792E+00	0.000	2.048E-01	0.092	2.151E-01
Q2QYE1	P34534	5	5.025E+00	0.000	1.188E-01	0.110	1.759E-01
Q2QYE1	P53349	5	7.841E+00	0.000	1.403E-01	0.109	2.173E-01
Q9KTE4	A0QZ13	907	2.895E-24	1.000	8.150E-01	0.202	6.430E-01
Q9KTE4	Q9WZ43	860	1.022E-22	1.000	8.579E-01	0.209	6.234E-01
Q9KTE4	Q7U5S4	734	4.393E-20	1.000	8.346E-01	0.187	5.902E-01
Q9KTE4	O24982	463	9.327E-15	1.000	7.310E-01	0.169	4.815E-01
Q9KTE4	B4U701	36	2.277E-01	0.150	3.936E-01	0.101	2.507E-01
Q9KTE4	A5W820	27	1.450E+00	0.069	4.904E-01	0.087	2.645E-01
Q9KTE4	P9WN05	20	1.501E-01	0.029	1.294E-01	0.124	2.156E-01
Q9KTE4	O84282	17	1.915E+00	0.016	2.588E-01	0.150	2.603E-01
Q9KTE4	P39707	17	3.660E+00	0.016	4.373E-01	0.081	2.337E-01
Q9KTE4	Q98RC3	16	4.205E+00	0.014	4.160E-01	0.057	2.373E-01
Q9KTE4	Q9VF81	16	1.745E+00	0.014	2.040E-01	0.100	2.759E-01
Q9KTE4	P54493	14	3.042E+00	0.010	2.338E-01	0.136	2.498E-01
Q9KTE4	Q9NX78	14	1.322E+00	0.010	1.385E-01	0.131	2.469E-01
Q9KTE4	P0DX85	13	3.337E+00	0.009	2.697E-01	0.111	2.200E-01
Q9KTE4	P76261	13	8.036E+00	0.009	5.049E-01	0.074	2.564E-01
Q9KTE4	C4L0S9	12	1.666E+00	0.008	1.525E-01	0.117	1.913E-01
Q9KTE4	Q9KFH7	12	5.814E+00	0.008	2.828E-01	0.131	2.642E-01
Q9KTE4	Q0H8X1	11	7.326E+00	0.007	3.020E-01	0.191	2.656E-01
Q9KTE4	P80734	11	9.231E+00	0.007	3.439E-01	0.097	3.082E-01
Q9KTE4	A8GAD1	11	7.673E+00	0.007	3.269E-01	0.073	2.443E-01
Q9KTE4	Q9P6Y2	11	8.814E+00	0.007	5.019E-01	0.081	2.134E-01
Q9KTE4	A0QU81	10	6.679E+00	0.000	2.152E-01	0.084	2.727E-01
Q9KTE4	P25201	10	7.673E+00	0.000	3.078E-01	0.173	2.221E-01
Q9KTE4	P74133	9	4.015E+00	0.000	1.366E-01	0.104	2.153E-01
Q9KTE4	Q59601	9	4.831E+00	0.000	1.514E-01	0.111	2.314E-01
Q9KTE4	P15878	8	8.416E+00	0.000	2.072E-01	0.107	2.607E-01
Q9KTE4	O31504	8	4.205E+00	0.000	1.194E-01	0.101	2.360E-01
Q9KTE4	P00163	7	7.326E+00	0.000	1.571E-01	0.125	2.390E-01
Q9KTE4	I6Y2J4	7	8.814E+00	0.000	1.905E-01	0.110	2.017E-01
Q9KTE4	Q9K838	7	2.304E+00	0.000	7.295E-02	0.089	2.011E-01
Q9KTE4	Q9WTR2	7	8.416E+00	0.000	1.782E-01	0.105	2.480E-01
L7N653	P63883	325	5.017E-12	1.000	6.902E-01	0.195	5.259E-01
L7N653	A1A6M1	115	1.776E-03	1.000	7.152E-01	0.264	5.484E-01
L7N653	A7IAL9	99	6.563E-04	0.999	6.047E-01	0.138	4.005E-01
L7N653	A8MCV2	64	5.366E-03	0.855	4.597E-01	0.139	3.369E-01
L7N653	O31502	38	1.847E-01	0.179	5.115E-01	0.195	2.898E-01
L7N653	Q2RJD5	32	2.105E+00	0.106	8.267E-01	0.142	4.056E-01
L7N653	Q9SYC9	19	8.688E-01	0.024	2.451E-01	0.071	2.862E-01
L7N653	Q48H61	16	1.687E+00	0.014	3.004E-01	0.144	2.412E-01
L7N653	Q8XJU2	16	4.086E+00	0.014	4.696E-01	0.088	2.861E-01
L7N653	G5ED39	16	1.026E+00	0.014	2.353E-01	0.137	2.565E-01
L7N653	Q9WYH1	15	1.146E+00	0.011	2.126E-01	0.099	2.421E-01
L7N653	Q9WTR2	15	2.932E+00	0.011	3.705E-01	0.136	2.520E-01
L7N653	Q10423	14	9.182E-01	0.010	2.118E-01	0.125	1.847E-01
L7N653	P80187	14	2.932E+00	0.010	3.452E-01	0.152	2.462E-01
L7N653	A4SGY3	14	1.026E+00	0.010	1.742E-01	0.111	2.668E-01
L7N653	Q54IF7	13	5.693E+00	0.009	5.127E-01	0.260	2.549E-01
L7N653	P0DN21	11	3.866E+00	0.007	2.615E-01	0.062	2.316E-01
L7N653	A2STA4	11	1.510E+00	0.007	1.695E-01	0.134	2.060E-01
L7N653	Q2RRV2	10	7.931E+00	0.000	3.235E-01	0.258	3.166E-01
L7N653	P18296	10	4.823E+00	0.000	2.771E-01	0.101	2.484E-01
L7N653	B8GZV1	9	6.016E+00	0.000	2.685E-01	0.125	2.716E-01
L7N653	P49424	9	7.101E+00	0.000	3.398E-01	0.076	2.260E-01
L7N653	Q8TEK3	9	3.866E+00	0.000	1.759E-01	0.104	2.428E-01
L7N653	P09796	7	9.359E+00	0.000	3.834E-01	0.057	1.984E-01
L7N653	Q0VMA8	7	7.504E+00	0.000	2.055E-01	0.078	2.706E-01
L7N653	Q92451	7	7.101E+00	0.000	1.945E-01	0.122	2.310E-01
L7N653	Q8L7W7	6	8.856E+00	0.000	2.571E-01	0.097	2.073E-01
L7N653	Q7VA47	6	2.625E+00	0.000	9.743E-02	0.079	1.813E-01
L7N653	Q9M548	6	5.693E+00	0.000	1.806E-01	0.088	1.862E-01
L7N653	P87120	5	7.931E+00	0.000	1.481E-01	0.113	1.976E-01
L7N653	P08417	4	5.693E+00	0.000	9.753E-02	0.073	1.632E-01
Q06VC2	P25439	314	1.762E-14	1.000	5.092E-01	0.134	4.057E-01
Q06VC2	O18017	167	6.248E-09	1.000	4.186E-01	0.118	3.434E-01
Q06VC2	Q9YFQ8	135	4.392E-08	1.000	3.521E-01	0.119	3.173E-01
Q06VC2	Q0UMB6	98	5.716E-07	0.999	2.716E-01	0.107	2.855E-01
Q06VC2	P75438	56	3.340E-03	0.663	3.220E-01	0.079	2.843E-01
Q06VC2	O52951	37	4.375E-01	0.164	5.375E-01	0.126	3.114E-01
Q06VC2	O96720	30	2.757E-01	0.090	3.900E-01	0.099	2.445E-01
Q06VC2	Q9SYC9	26	8.469E-02	0.063	2.080E-01	0.103	2.261E-01
Q06VC2	Q54VQ7	26	1.415E-01	0.063	2.376E-01	0.101	2.319E-01
Q06VC2	Q21Z99	25	2.133E-01	0.057	2.484E-01	0.117	2.367E-01
Q06VC2	Q0WL81	24	6.267E-01	0.051	3.352E-01	0.150	2.499E-01
Q06VC2	Q8K9B8	21	1.047E+00	0.034	3.474E-01	0.125	2.528E-01
Q06VC2	Q8TEK3	21	5.372E-01	0.034	2.505E-01	0.096	2.427E-01
Q06VC2	Q7SYN4	20	6.267E-01	0.029	2.398E-01	0.088	2.364E-01
Q06VC2	Q4FMW8	17	1.841E+00	0.016	3.052E-01	0.125	2.426E-01
Q06VC2	B9KBV1	15	2.380E+00	0.011	3.240E-01	0.102	2.304E-01
Q06VC2	P28631	15	3.777E+00	0.011	3.375E-01	0.091	3.010E-01
Q06VC2	P23179	15	2.776E+00	0.011	3.211E-01	0.074	2.408E-01
Q06VC2	B3PF24	15	2.148E+00	0.011	2.980E-01	0.111	2.216E-01
Q06VC2	Q2EEX9	14	2.261E+00	0.010	2.727E-01	0.117	2.132E-01
Q06VC2	P0DN21	14	2.922E+00	0.010	2.658E-01	0.080	2.881E-01
Q06VC2	Q6MLD2	14	6.944E-01	0.010	1.597E-01	0.088	2.038E-01
Q06VC2	B3ETH8	13	2.380E+00	0.009	2.518E-01	0.100	2.244E-01
Q06VC2	Q8EJM6	13	2.922E+00	0.009	2.544E-01	0.098	2.640E-01
Q06VC2	Q31G65	12	1.938E+00	0.008	2.240E-01	0.083	1.927E-01
Q06VC2	Q54PA9	10	4.637E+00	0.000	2.274E-01	0.098	2.260E-01
Q06VC2	Q5AGZ9	10	2.040E+00	0.000	1.627E-01	0.101	1.948E-01
Q06VC2	Q10313	10	1.749E+00	0.000	1.298E-01	0.109	2.239E-01
Q06VC2	O74539	9	5.693E+00	0.000	2.402E-01	0.104	2.381E-01
Q06VC2	Q8I4R4	8	6.308E+00	0.000	1.931E-01	0.100	2.285E-01
Q06VC2	Q10423	7	5.993E+00	0.000	1.729E-01	0.089	2.103E-01
Q06VC2	Q9WTR2	7	5.693E+00	0.000	1.380E-01	0.094	2.431E-01
Q06VC2	Q8CXQ3	5	9.505E+00	0.000	1.495E-01	0.052	1.824E-01
C1D538	Q8Y220	29	1.333E-01	0.082	2.254E-01	0.121	3.616E-01
C1D538	Q6CMN5	21	1.110E+00	0.034	3.057E-01	0.083	3.254E-01
C1D538	Q04804	14	7.941E-01	0.010	1.277E-01	0.147	3.296E-01
C1D538	C7C422	13	9.758E+00	0.009	8.093E-01	0.111	2.833E-01
C1D538	Q03101	13	1.938E+00	0.009	1.677E-01	0.104	3.164E-01
C1D538	Q8NNK3	12	3.579E+00	0.008	2.060E-01	0.115	3.517E-01
C1D538	Q59478	12	1.639E+00	0.008	1.760E-01	0.096	2.538E-01
C1D538	O07014	12	1.241E+00	0.008	1.382E-01	0.077	2.517E-01
C1D538	P39707	11	3.201E+00	0.007	1.687E-01	0.128	3.619E-01
C1D538	Q504Y2	11	2.291E+00	0.007	1.971E-01	0.133	2.447E-01
C1D538	Q6AW06	11	3.579E+00	0.007	1.664E-01	0.127	3.541E-01
C1D538	P49425	10	2.863E+00	0.000	2.033E-01	0.085	2.110E-01
C1D538	Q1L8G6	10	3.028E+00	0.000	1.479E-01	0.090	3.123E-01
C1D538	O94251	9	5.001E+00	0.000	2.048E-01	0.142	2.624E-01
C1D538	H2L045	9	5.001E+00	0.000	2.115E-01	0.068	2.581E-01
C1D538	Q9UX83	8	4.730E+00	0.000	1.579E-01	0.100	2.833E-01
C1D538	Q8ZVM0	8	4.230E+00	0.000	1.420E-01	0.090	2.550E-01
C1D538	B1Q3J6	8	1.833E+00	0.000	8.144E-02	0.111	2.418E-01
C1D538	Q8TEK3	8	7.810E+00	0.000	2.055E-01	0.104	3.347E-01
C1D538	Q8EJM6	7	4.473E+00	0.000	1.481E-01	0.078	2.175E-01
C1D538	Q5BMR2	7	4.001E+00	0.000	1.317E-01	0.091	2.377E-01
C1D538	Q6C4Y5	6	6.250E+00	0.000	1.189E-01	0.092	2.637E-01
C1D538	O34779	5	7.810E+00	0.000	1.087E-01	0.095	2.433E-01
C1D538	P19593	5	4.730E+00	0.000	8.209E-02	0.075	2.260E-01
C1D538	Q9SI52	5	7.387E+00	0.000	1.301E-01	0.116	2.412E-01
Q18680	P38576	354	6.294E-12	1.000	8.472E-01	0.234	5.846E-01
Q18680	Q504Y2	28	3.748E-01	0.076	2.173E-01	0.219	5.436E-01
Q18680	P0CT48	17	2.484E-01	0.016	1.500E-01	0.082	2.699E-01
Q18680	D7CFN7	13	5.999E-01	0.009	1.385E-01	0.114	2.508E-01
Q18680	B8YB57	12	1.729E+00	0.008	2.640E-01	0.120	1.898E-01
Q18680	P22192	11	4.696E+00	0.007	4.593E-01	0.153	1.930E-01
Q18680	Q9BW91	10	2.460E+00	0.000	1.428E-01	0.114	3.247E-01
Q18680	Q8S1V1	9	3.300E+00	0.000	1.575E-01	0.140	2.786E-01
Q18680	P54570	8	2.187E+00	0.000	1.493E-01	0.083	1.765E-01
Q18680	P21290	7	7.968E+00	0.000	4.448E-01	0.236	1.386E-01
Q18680	F1SVE1	6	8.961E+00	0.000	3.000E-01	0.131	2.041E-01
Q18680	Q9I788	6	7.085E+00	0.000	2.613E-01	0.115	1.615E-01
Q18680	Q8G4G1	5	9.502E+00	0.000	7.290E-02	0.123	4.962E-01
Q18680	Q6CMN5	5	4.696E+00	0.000	1.154E-01	0.112	1.476E-01
Q18680	Q6G2A9	4	8.961E+00	0.000	1.551E-01	0.130	1.332E-01
A0A0H2XEA6	P74133	108	1.531E-02	1.000	7.688E-01	0.164	5.742E-01
A0A0H2XEA6	Q9LQC0	66	1.317E-01	0.887	6.351E-01	0.139	4.849E-01
A0A0H2XEA6	P22759	17	1.518E+00	0.016	2.356E-01	0.106	2.792E-01
A0A0H2XEA6	Q6R7K3	17	3.011E+00	0.016	3.078E-01	0.136	3.292E-01
A0A0H2XEA6	Q9YCL9	13	7.623E+00	0.009	4.554E-01	0.144	3.005E-01
A0A0H2XEA6	P14571	11	6.270E+00	0.007	2.648E-01	0.195	2.990E-01
A0A0H2XEA6	P44888	11	4.453E+00	0.007	1.904E-01	0.100	3.179E-01
A0A0H2XEA6	P80734	10	4.910E+00	0.000	1.774E-01	0.130	2.908E-01
A0A0H2XEA6	Q9CBQ2	10	8.826E+00	0.000	2.968E-01	0.150	3.175E-01
A0A0H2XEA6	P63883	9	8.405E+00	0.000	2.406E-01	0.142	2.771E-01
A0A0H2XEA6	P26697	8	7.259E+00	0.000	1.867E-01	0.102	2.568E-01
A0A0H2XEA6	Q8JGM4	8	5.971E+00	0.000	1.702E-01	0.117	2.452E-01
A0A0H2XEA6	Q9SYC9	7	7.623E+00	0.000	1.715E-01	0.097	2.608E-01
A9BJK2	Q31G65	509	3.939E-18	1.000	7.325E-01	0.232	6.506E-01
A9BJK2	P47330	399	3.479E-15	1.000	6.819E-01	0.226	6.021E-01
A9BJK2	Q2EEX9	351	7.066E-12	1.000	7.969E-01	0.176	6.297E-01
A9BJK2	O20163	258	2.510E-10	1.000	6.367E-01	0.125	5.533E-01
A9BJK2	A5FR85	148	7.873E-06	1.000	6.579E-01	0.124	4.906E-01
A9BJK2	Q4FMW8	144	3.423E-06	1.000	5.890E-01	0.184	4.674E-01
A9BJK2	Q8CXQ3	142	5.191E-06	1.000	5.915E-01	0.139	4.727E-01
A9BJK2	Q6MLD2	128	2.747E-05	1.000	6.018E-01	0.153	4.705E-01
A9BJK2	B3ETH8	120	1.245E-06	1.000	4.040E-01	0.117	4.165E-01
A9BJK2	Q48H61	116	1.676E-06	1.000	4.010E-01	0.103	4.096E-01
A9BJK2	O52951	48	2.732E-02	0.411	4.674E-01	0.142	3.237E-01
A9BJK2	Q55AX2	45	3.077E-02	0.326	4.000E-01	0.089	3.420E-01
A9BJK2	Q6AW06	38	1.139E-01	0.179	4.057E-01	0.108	3.534E-01
A9BJK2	Q9SYC9	37	2.153E-02	0.164	2.586E-01	0.092	3.328E-01
A9BJK2	Q970N1	35	2.327E-01	0.138	4.461E-01	0.058	3.481E-01
A9BJK2	O80612	26	8.616E-01	0.063	5.053E-01	0.111	3.117E-01
A9BJK2	Q0UMB6	26	1.139E-01	0.063	2.600E-01	0.107	2.598E-01
A9BJK2	Q8EJM6	23	2.327E-01	0.045	2.397E-01	0.148	3.001E-01
A9BJK2	Q9HN88	22	1.093E+00	0.040	4.419E-01	0.067	2.942E-01
A9BJK2	P76261	21	6.791E-01	0.034	3.023E-01	0.120	3.088E-01
A9BJK2	Q0DVX2	18	9.704E-01	0.020	2.676E-01	0.076	2.897E-01
A9BJK2	G5EB30	18	1.231E+00	0.020	3.631E-01	0.103	2.609E-01
A9BJK2	P80187	17	2.514E+00	0.016	4.438E-01	0.163	2.844E-01
A9BJK2	Q1Q7Z7	17	1.231E+00	0.016	3.185E-01	0.138	2.520E-01
A9BJK2	Q5V1K0	16	1.387E+00	0.014	4.361E-01	0.041	1.866E-01
A9BJK2	Q9HLV9	16	1.387E+00	0.014	2.799E-01	0.100	2.854E-01
A9BJK2	O32232	16	1.231E+00	0.014	2.880E-01	0.126	2.679E-01
A9BJK2	Q5SHZ3	16	2.369E+00	0.014	3.984E-01	0.114	2.818E-01
A9BJK2	A1ASL7	15	1.867E+00	0.011	3.761E-01	0.117	2.233E-01
A9BJK2	Q21Z99	15	1.562E+00	0.011	2.893E-01	0.115	2.653E-01
A9BJK2	P28631	14	6.791E-01	0.010	1.733E-01	0.057	2.554E-01
A9BJK2	B4XVN1	14	3.593E+00	0.010	4.153E-01	0.076	2.795E-01
A9BJK2	Q8L7W7	13	3.006E+00	0.009	2.979E-01	0.123	2.873E-01
A9BJK2	Q6NVF4	13	1.093E+00	0.009	1.916E-01	0.093	2.530E-01
A9BJK2	Q54PA9	12	2.103E+00	0.008	2.206E-01	0.142	2.739E-01
A9BJK2	Q9BZ23	12	5.134E+00	0.008	3.852E-01	0.122	3.109E-01
A9BJK2	O55716	12	4.047E+00	0.008	4.630E-01	0.133	2.133E-01
A9BJK2	P49425	11	5.783E+00	0.007	3.505E-01	0.081	3.124E-01
A9BJK2	Q20500	11	3.386E+00	0.007	2.939E-01	0.087	2.292E-01
A9BJK2	Q0WL81	11	3.813E+00	0.007	2.122E-01	0.094	3.252E-01
A9BJK2	P0DX85	10	4.838E+00	0.000	3.791E-01	0.145	1.864E-01
A9BJK2	Q8K9B8	10	2.669E+00	0.000	1.860E-01	0.109	2.694E-01
A9BJK2	Q04806	10	4.838E+00	0.000	4.386E-01	0.214	1.904E-01
A9BJK2	Q41745	10	6.137E+00	0.000	3.548E-01	0.090	2.654E-01
A9BJK2	Q9KVK6	9	2.669E+00	0.000	1.465E-01	0.113	2.910E-01
A9BJK2	A6W230	8	9.873E+00	0.000	3.871E-01	0.050	3.033E-01
A9BJK2	Q9HT84	7	2.832E+00	0.000	9.708E-02	0.081	2.942E-01
P39145	Q0DVX2	259	5.719E-11	1.000	6.772E-01	0.166	4.594E-01
P39145	Q9YFQ8	238	3.775E-10	1.000	6.536E-01	0.166	4.647E-01
P39145	O18017	232	6.051E-10	1.000	6.503E-01	0.105	4.621E-01
P39145	P25439	215	1.378E-08	1.000	7.073E-01	0.118	4.763E-01
P39145	Q0UMB6	206	3.155E-09	1.000	6.077E-01	0.182	4.459E-01
P39145	Q6NVF4	79	5.962E-04	0.981	4.923E-01	0.093	3.514E-01
P39145	P75438	55	2.455E-03	0.632	3.756E-01	0.103	2.903E-01
P39145	O96720	40	1.204E-01	0.214	4.984E-01	0.159	3.158E-01
P39145	Q8VYL1	30	3.710E-03	0.090	1.712E-01	0.108	2.165E-01
P39145	O52951	29	2.749E-01	0.082	4.232E-01	0.098	2.810E-01
P39145	B0RTZ8	24	5.259E-01	0.051	4.437E-01	0.110	2.374E-01
P39145	A0A191T6Q6	24	2.923E-02	0.051	1.866E-01	0.111	2.068E-01
P39145	A2STA4	20	1.617E-01	0.029	1.757E-01	0.100	2.510E-01
P39145	Q5AGZ9	19	2.297E+00	0.024	4.738E-01	0.087	3.041E-01
P39145	Q47LM9	18	1.006E+00	0.020	2.744E-01	0.086	3.014E-01
P39145	B4XVN1	17	1.204E-01	0.016	1.399E-01	0.087	2.239E-01
P39145	Q21Z99	17	1.132E+00	0.016	3.226E-01	0.108	2.385E-01
P39145	Q8K9B8	16	1.711E+00	0.014	3.228E-01	0.139	2.650E-01
P39145	Q11087	16	1.274E+00	0.014	2.817E-01	0.089	2.507E-01
P39145	Q2EEX9	15	8.942E-01	0.011	2.099E-01	0.082	2.408E-01
P39145	P56524	15	5.578E-01	0.011	2.151E-01	0.082	2.000E-01
P39145	Q9UX83	14	8.942E-01	0.010	2.132E-01	0.113	2.156E-01
P39145	P28631	14	1.925E+00	0.010	2.827E-01	0.116	2.485E-01
P39145	Q9M548	14	1.711E+00	0.010	2.435E-01	0.081	2.844E-01
P39145	O31502	13	3.273E+00	0.009	3.121E-01	0.105	2.743E-01
P39145	Q126M1	13	2.166E+00	0.009	2.629E-01	0.072	2.649E-01
P39145	Q54VQ7	13	4.406E-01	0.009	1.569E-01	0.089	1.844E-01
P39145	A5W820	12	4.945E+00	0.008	3.437E-01	0.110	3.164E-01
P39145	P0DN21	12	1.274E+00	0.008	1.765E-01	0.083	2.353E-01
P39145	Q970N1	12	1.132E+00	0.008	1.571E-01	0.099	2.346E-01
P39145	Q48H61	11	1.201E+00	0.007	1.552E-01	0.086	2.338E-01
P39145	Q44233	11	2.166E+00	0.007	2.440E-01	0.179	2.110E-01
P39145	Q54X15	11	1.067E+00	0.007	1.582E-01	0.101	2.060E-01
P39145	Q54PA9	10	1.925E+00	0.000	1.805E-01	0.116	2.071E-01
P39145	E0XKJ9	10	1.274E+00	0.000	1.546E-01	0.096	2.034E-01
P39145	B3PF24	10	1.925E+00	0.000	1.633E-01	0.100	2.245E-01
P39145	Q41745	9	3.906E+00	0.000	2.783E-01	0.122	1.920E-01
P39145	P29126	9	1.433E+00	0.000	1.430E-01	0.115	1.933E-01
P39145	Q8PW90	8	4.395E+00	0.000	2.180E-01	0.133	2.092E-01
P39145	Q9VSY6	7	3.085E+00	0.000	1.468E-01	0.162	1.629E-01
P39145	P47330	7	7.471E+00	0.000	2.336E-01	0.113	2.370E-01
P39145	Q0VMA8	6	3.682E+00	0.000	1.149E-01	0.114	1.885E-01
P39145	O31504	6	4.143E+00	0.000	1.209E-01	0.101	1.955E-01
Q93V61	P26876	111	5.525E-05	1.000	5.272E-01	0.113	4.326E-01
Q93V61	A8GAD1	43	1.882E-02	0.277	4.434E-01	0.153	2.395E-01
Q93V61	Q8S1D9	40	1.021E-01	0.214	5.378E-01	0.229	2.776E-01
Q93V61	I6Y2J4	34	9.084E-02	0.126	4.156E-01	0.095	2.480E-01
Q93V61	P18952	33	2.055E-01	0.116	5.290E-01	0.144	2.388E-01
Q93V61	Q8WPJ2	29	1.216E-01	0.082	3.593E-01	0.108	2.321E-01
Q93V61	P0DSI2	29	1.829E-01	0.082	3.654E-01	0.111	2.706E-01
Q93V61	O32232	27	2.448E-01	0.069	3.776E-01	0.102	2.493E-01
Q93V61	Q5VKJ7	24	2.309E-01	0.051	3.203E-01	0.147	2.308E-01
Q93V61	Q8KBF9	23	2.751E-01	0.045	3.360E-01	0.090	2.118E-01
Q93V61	B4XVN1	22	3.903E-01	0.040	2.891E-01	0.076	2.530E-01
Q93V61	O80596	18	1.829E-01	0.020	1.959E-01	0.100	1.920E-01
Q93V61	O42918	17	8.828E-01	0.016	3.195E-01	0.083	2.082E-01
Q93V61	Q10313	15	1.884E+00	0.011	3.520E-01	0.101	2.364E-01
Q93V61	Q10423	13	3.792E+00	0.009	4.367E-01	0.107	2.348E-01
Q93V61	Q9KVK6	13	6.596E-01	0.009	1.511E-01	0.084	2.268E-01
Q93V61	P00691	13	4.020E+00	0.009	4.047E-01	0.070	2.468E-01
Q93V61	P00622	12	6.793E+00	0.008	5.006E-01	0.137	2.866E-01
Q93V61	P9WPJ7	12	4.517E+00	0.008	4.622E-01	0.142	1.952E-01
Q93V61	P27756	12	2.379E+00	0.008	2.710E-01	0.071	2.250E-01
Q93V61	P0C7A1	12	6.046E+00	0.008	4.484E-01	0.080	2.659E-01
Q93V61	Q9HN88	11	2.833E+00	0.007	2.261E-01	0.089	2.371E-01
Q93V61	Q9XGA0	11	6.992E-01	0.007	1.333E-01	0.104	2.004E-01
Q93V61	P49424	11	2.522E+00	0.007	2.141E-01	0.090	2.393E-01
Q93V61	P19487	11	3.004E+00	0.007	2.672E-01	0.136	2.281E-01
Q93V61	B4U701	10	7.200E+00	0.000	4.381E-01	0.075	2.424E-01
Q93V61	Q9C5E5	10	3.578E+00	0.000	2.647E-01	0.118	2.016E-01
Q93V61	P22222	10	3.792E+00	0.000	2.139E-01	0.145	2.882E-01
Q93V61	E0XKJ9	9	3.004E+00	0.000	2.037E-01	0.070	1.908E-01
Q93V61	P41131	9	2.379E+00	0.000	1.556E-01	0.097	2.245E-01
Q93V61	O60674	9	2.522E+00	0.000	1.502E-01	0.084	2.338E-01
Q93V61	D7CFN7	8	2.522E+00	0.000	1.464E-01	0.103	1.876E-01
Q93V61	Q11087	7	3.375E+00	0.000	1.400E-01	0.088	1.912E-01
Q93V61	Q54VQ7	7	7.200E+00	0.000	2.576E-01	0.058	2.014E-01
Q93V61	Q9M548	6	9.089E+00	0.000	2.982E-01	0.086	2.060E-01
Q93V61	B2UPR7	6	7.632E+00	0.000	2.597E-01	0.091	1.638E-01
Q93V61	Q0DVX2	5	6.793E+00	0.000	1.586E-01	0.084	1.759E-01
P03177	Q9UX83	110	8.641E-05	1.000	5.040E-01	0.134	3.589E-01
P03177	Q8L7W7	71	1.839E-03	0.941	3.647E-01	0.092	3.548E-01
P03177	Q8VYL1	59	3.567E-03	0.747	2.622E-01	0.095	3.969E-01
P03177	Q8TWH4	48	1.645E-02	0.411	3.290E-01	0.131	2.973E-01
P03177	Q10313	42	5.312E-02	0.254	3.493E-01	0.145	2.967E-01
P03177	Q47LM9	31	3.684E-01	0.098	3.102E-01	0.096	3.638E-01
P03177	Q54X15	29	2.739E-02	0.082	8.656E-02	0.101	4.604E-01
P03177	Q0WL81	22	8.761E-01	0.040	2.783E-01	0.095	3.100E-01
P03177	Q9KVK6	21	7.986E-02	0.034	1.179E-01	0.074	2.558E-01
P03177	Q0DVX2	21	1.715E-01	0.034	9.665E-02	0.109	3.837E-01
P03177	Q553Y7	17	5.263E-01	0.016	1.001E-01	0.093	4.153E-01
P03177	Q31G65	16	2.084E+00	0.014	2.738E-01	0.097	2.522E-01
P03177	P36913	14	1.615E+00	0.010	1.845E-01	0.114	2.493E-01
P03177	O74539	13	1.386E+00	0.009	1.495E-01	0.120	2.516E-01
P03177	P22192	12	3.296E+00	0.008	1.443E-01	0.090	3.918E-01
P03177	Q9HLV9	11	3.468E+00	0.007	2.113E-01	0.109	2.233E-01
P03177	O45870	10	8.245E+00	0.000	2.688E-01	0.123	3.548E-01
P03177	B3A0N5	10	7.447E+00	0.000	2.495E-01	0.091	3.264E-01
P03177	A8GAD1	9	2.428E+00	0.000	1.200E-01	0.085	2.203E-01
P03177	Q20500	9	8.676E+00	0.000	1.168E-01	0.120	6.890E-01
P03177	Q31HD6	8	3.650E+00	0.000	1.159E-01	0.070	2.480E-01
P03177	H2L045	8	8.245E+00	0.000	1.110E-01	0.152	6.286E-01
Q84RQ8	Q1L8G6	355	2.047E-15	1.000	4.790E-01	0.201	5.527E-01
Q84RQ8	Q9BYM8	160	1.401E-07	1.000	4.138E-01	0.169	4.782E-01
Q84RQ8	P50636	155	1.037E-09	1.000	2.707E-01	0.192	4.421E-01
Q84RQ8	P0ABN1	44	3.092E-01	0.301	5.986E-01	0.164	3.842E-01
Q84RQ8	A0QU81	29	7.495E-02	0.082	2.020E-01	0.102	3.177E-01
Q84RQ8	Q84WW6	26	1.083E+00	0.063	4.131E-01	0.113	3.453E-01
Q84RQ8	Q21Z99	26	3.845E-01	0.063	2.689E-01	0.100	3.460E-01
Q84RQ8	Q0H8X1	25	9.712E-01	0.057	3.947E-01	0.117	3.384E-01
Q84RQ8	Q553Y7	23	1.868E+00	0.045	3.860E-01	0.125	3.991E-01
Q84RQ8	P42517	22	4.060E-01	0.040	2.278E-01	0.128	3.056E-01
Q84RQ8	Q8IKD3	19	4.982E+00	0.024	5.404E-01	0.091	4.020E-01
Q84RQ8	A5GTI3	18	3.794E+00	0.020	5.054E-01	0.070	3.324E-01
Q84RQ8	Q97DB1	17	1.868E+00	0.016	3.267E-01	0.116	2.810E-01
Q84RQ8	O84282	14	4.006E+00	0.010	3.035E-01	0.098	3.529E-01
Q84RQ8	Q75D88	13	1.208E+00	0.009	1.314E-01	0.114	3.031E-01
Q84RQ8	O32865	12	4.231E+00	0.008	2.256E-01	0.089	3.396E-01
Q84RQ8	Q8PU61	11	3.402E+00	0.007	2.136E-01	0.119	2.799E-01
Q84RQ8	Q86DA5	10	2.323E+00	0.000	1.511E-01	0.108	2.411E-01
Q84RQ8	P74133	8	6.542E+00	0.000	2.301E-01	0.106	2.461E-01
Q84RQ8	A5WDG8	8	8.134E+00	0.000	2.539E-01	0.134	2.703E-01
Q84RQ8	Q31HD6	6	7.703E+00	0.000	1.563E-01	0.121	2.715E-01
B4HEM4	H2QL32	711	4.651E-20	1.000	6.753E-01	0.199	6.362E-01
B4HEM4	Q9I7S6	479	5.813E-20	1.000	3.470E-01	0.161	5.682E-01
B4HEM4	Q8IKD3	278	1.055E-09	1.000	4.999E-01	0.115	5.136E-01
B4HEM4	Q9HWR3	179	2.219E-07	1.000	4.208E-01	0.105	4.136E-01
B4HEM4	O74539	129	2.575E-06	1.000	3.043E-01	0.099	3.908E-01
B4HEM4	P43524	39	5.835E-02	0.196	2.261E-01	0.099	3.065E-01
B4HEM4	Q8ZNT5	34	8.335E-02	0.126	2.055E-01	0.086	2.938E-01
B4HEM4	Q8EJM6	34	1.532E-02	0.126	1.475E-01	0.097	2.525E-01
B4HEM4	P53599	22	6.670E-02	0.040	6.548E-02	0.095	3.488E-01
B4HEM4	O52195	18	1.057E+00	0.020	1.696E-01	0.069	2.646E-01
B4HEM4	Q9VF81	17	7.080E-01	0.016	1.266E-01	0.093	2.726E-01
B4HEM4	Q8ZVM0	16	2.466E+00	0.014	2.035E-01	0.103	2.894E-01
B4HEM4	O32865	15	3.369E+00	0.011	2.297E-01	0.086	2.855E-01
B4HEM4	O00237	15	1.445E+00	0.011	1.065E-01	0.115	3.869E-01
B4HEM4	A7IAL9	14	3.851E+00	0.010	2.686E-01	0.119	2.587E-01
B4HEM4	P80734	13	5.261E+00	0.009	2.784E-01	0.070	2.785E-01
B4HEM4	A0A2L0V161	12	3.369E+00	0.008	1.572E-01	0.118	2.862E-01
B4HEM4	P0A1F0	12	1.974E+00	0.008	1.311E-01	0.091	2.235E-01
B4HEM4	P22759	11	8.977E+00	0.007	3.002E-01	0.118	3.071E-01
B4HEM4	Q9I788	11	2.948E+00	0.007	1.072E-01	0.125	3.382E-01
B4HEM4	Q9NX78	11	7.855E+00	0.007	2.880E-01	0.122	2.840E-01
B4HEM4	O84282	10	8.212E+00	0.000	2.522E-01	0.110	2.705E-01
B4HEM4	P76261	9	2.948E+00	0.000	1.100E-01	0.069	2.214E-01
B4HEM4	P87120	8	8.586E+00	0.000	2.231E-01	0.086	2.275E-01
B4HEM4	P00163	8	6.013E+00	0.000	1.253E-01	0.076	2.492E-01
B4HEM4	Q04804	8	6.287E+00	0.000	1.717E-01	0.113	2.325E-01
B4HEM4	P0AEZ7	8	6.873E+00	0.000	1.499E-01	0.082	2.552E-01
B4HEM4	Q9WTR2	8	7.186E+00	0.000	1.508E-01	0.094	2.497E-01
B4HEM4	Q8BI06	8	7.513E+00	0.000	1.927E-01	0.093	2.460E-01
B4HEM4	P39848	7	4.812E+00	0.000	1.039E-01	0.079	2.156E-01
B4HEM4	P34534	6	8.977E+00	0.000	1.304E-01	0.122	2.645E-01
Q7NA60	Q5E2G4	1030	1.921E-28	1.000	9.729E-01	0.430	8.802E-01
Q7NA60	Q48NS2	914	2.970E-26	1.000	9.366E-01	0.406	8.399E-01
Q7NA60	O67359	655	5.628E-20	1.000	9.045E-01	0.316	7.558E-01
Q7NA60	A0ALG5	566	1.803E-17	1.000	9.116E-01	0.236	7.222E-01
Q7NA60	A0RKU8	550	4.484E-17	1.000	8.887E-01	0.234	7.313E-01
Q7NA60	Q51645	310	5.199E-12	1.000	6.869E-01	0.188	5.827E-01
Q7NA60	Q53464	304	7.043E-12	1.000	6.827E-01	0.200	5.768E-01
Q7NA60	Q59728	303	1.014E-11	1.000	6.856E-01	0.175	5.813E-01
Q7NA60	P24070	288	2.522E-11	1.000	6.841E-01	0.192	5.632E-01
Q7NA60	P64636	234	4.143E-09	1.000	7.102E-01	0.162	5.323E-01
Q7NA60	Q9VSY6	126	3.747E-05	1.000	6.247E-01	0.136	4.794E-01
Q7NA60	A6W230	104	1.931E-04	1.000	6.117E-01	0.133	4.274E-01
Q7NA60	P0AF24	83	3.982E-05	0.990	3.493E-01	0.149	3.792E-01
Q7NA60	P27061	83	2.063E-03	0.990	6.201E-01	0.132	4.169E-01
Q7NA60	Q7SYN4	78	1.719E-03	0.978	5.357E-01	0.114	4.069E-01
Q7NA60	G5ED39	27	6.188E-02	0.069	2.322E-01	0.081	2.648E-01
Q7NA60	A2BN08	21	2.085E-01	0.034	1.993E-01	0.102	2.904E-01
Q7NA60	O32865	18	1.370E+00	0.020	3.149E-01	0.148	3.122E-01
Q7NA60	Q9KVK6	18	1.456E+00	0.020	3.400E-01	0.127	3.008E-01
Q7NA60	Q3U4H6	16	3.601E-01	0.014	1.756E-01	0.118	2.319E-01
Q7NA60	B2UPR7	15	5.855E-01	0.011	1.910E-01	0.095	2.308E-01
Q7NA60	P75438	14	9.517E-01	0.010	2.149E-01	0.101	2.429E-01
Q7NA60	A4SGY3	14	8.956E-01	0.010	2.059E-01	0.109	2.363E-01
Q7NA60	P18952	12	3.847E+00	0.008	3.353E-01	0.094	2.574E-01
Q7NA60	Q8S1D9	12	1.856E+00	0.008	2.503E-01	0.096	2.225E-01
Q7NA60	Q98RC3	11	5.538E+00	0.007	5.072E-01	0.111	1.972E-01
Q7NA60	P00163	11	9.560E+00	0.007	5.609E-01	0.000	3.372E-01
Q7NA60	B4XVN1	11	3.407E+00	0.007	2.731E-01	0.083	2.719E-01
Q7NA60	P76261	11	1.370E+00	0.007	1.876E-01	0.091	2.240E-01
Q7NA60	Q4I1J3	10	8.998E+00	0.000	4.307E-01	0.118	3.339E-01
Q7NA60	Q970N1	9	4.905E+00	0.000	2.845E-01	0.130	2.283E-01
Q7NA60	P19593	9	4.088E+00	0.000	2.335E-01	0.117	2.508E-01
Q7NA60	Q8EJM6	9	2.515E+00	0.000	1.712E-01	0.133	2.350E-01
Q7NA60	B9KBV1	8	8.998E+00	0.000	3.678E-01	0.096	2.713E-01
Q7NA60	A2STA4	8	4.088E+00	0.000	2.089E-01	0.125	2.255E-01
Q7NA60	Q126M1	8	4.088E+00	0.000	2.150E-01	0.164	2.028E-01
Q7NA60	P27756	8	6.644E+00	0.000	2.787E-01	0.115	2.506E-01
Q7NA60	Q20500	6	4.905E+00	0.000	1.388E-01	0.146	2.191E-01
Q7NA60	A0A191T6Q6	5	6.253E+00	0.000	1.494E-01	0.104	1.994E-01
Q9W5D4	Q06644	1069	7.915E-27	1.000	7.919E-01	0.164	6.617E-01
Q9W5D4	P9WN05	464	3.243E-13	1.000	6.802E-01	0.140	5.582E-01
Q9W5D4	Q9NX78	189	1.658E-05	1.000	6.585E-01	0.150	4.642E-01
Q9W5D4	Q9VF81	93	1.145E-02	0.998	5.689E-01	0.098	4.189E-01
Q9W5D4	O64761	25	4.739E-01	0.057	1.755E-01	0.103	3.226E-01
Q9W5D4	Q06163	18	6.645E+00	0.020	4.430E-01	0.070	3.762E-01
Q9W5D4	O32865	16	1.228E+00	0.014	1.575E-01	0.119	2.473E-01
Q9W5D4	Q7U5S4	16	1.894E+00	0.014	2.038E-01	0.133	2.500E-01
Q9W5D4	Q4I1J3	16	4.701E+00	0.014	3.663E-01	0.139	2.572E-01
Q9W5D4	A0QLI5	16	1.663E+00	0.014	1.736E-01	0.112	2.656E-01
Q9W5D4	P53349	16	3.325E+00	0.014	2.270E-01	0.096	3.159E-01
Q9W5D4	Q59NR8	13	6.645E+00	0.009	3.627E-01	0.132	2.333E-01
Q9W5D4	P08417	13	9.391E+00	0.009	4.676E-01	0.194	2.799E-01
Q9W5D4	O99824	12	2.352E+00	0.008	1.466E-01	0.127	2.286E-01
Q9W5D4	P53306	11	4.128E+00	0.007	1.645E-01	0.116	2.408E-01
Q9W5D4	Q9YFQ8	9	8.994E+00	0.000	2.338E-01	0.095	2.421E-01
Q9W5D4	Q695T9	8	9.806E+00	0.000	1.695E-01	0.127	2.932E-01
Q9W5D4	O60674	7	6.095E+00	0.000	1.110E-01	0.096	2.236E-01
Q9W5D4	P42517	6	9.806E+00	0.000	1.726E-01	0.101	2.144E-01
Q501F9	Q84T94	872	1.370E-26	1.000	8.610E-01	0.242	7.292E-01
Q501F9	Q8WY54	575	4.347E-19	1.000	8.214E-01	0.219	6.278E-01
Q501F9	O34779	325	9.764E-12	1.000	7.559E-01	0.155	5.445E-01
Q501F9	P17906	125	5.197E-06	1.000	5.877E-01	0.102	3.448E-01
Q501F9	P22222	20	6.946E-01	0.029	3.306E-01	0.122	2.293E-01
Q501F9	Q03101	18	3.687E-01	0.020	2.035E-01	0.104	2.275E-01
Q501F9	Q9UKN8	13	2.930E+00	0.009	4.663E-01	0.189	1.661E-01
Q501F9	Q553Y7	12	5.844E-01	0.008	1.720E-01	0.050	1.695E-01
Q501F9	Q59478	10	8.256E-01	0.000	1.749E-01	0.086	1.316E-01
Q501F9	Q9WYH1	7	3.689E+00	0.000	1.695E-01	0.100	1.900E-01
Q501F9	Q92451	6	4.644E+00	0.000	2.191E-01	0.100	1.216E-01
Q501F9	P27756	6	3.104E+00	0.000	1.673E-01	0.056	1.315E-01
Q501F9	D7CFN7	5	6.192E+00	0.000	1.460E-01	0.070	1.435E-01
Q501F9	Q8BI06	5	9.809E+00	0.000	1.700E-01	0.149	2.053E-01
Q501F9	Q9KG76	4	8.256E+00	0.000	1.330E-01	0.059	1.624E-01
Q6BTC8	Q6C4Y5	689	1.280E-21	1.000	6.612E-01	0.196	5.963E-01
Q6BTC8	Q6AW06	413	6.822E-11	1.000	8.230E-01	0.215	6.264E-01
Q6BTC8	Q8TEK3	364	8.375E-10	1.000	8.166E-01	0.237	5.934E-01
Q6BTC8	Q55AX2	187	3.745E-13	1.000	1.727E-01	0.142	4.306E-01
Q6BTC8	P25201	88	3.810E-03	0.995	5.372E-01	0.114	3.721E-01
Q6BTC8	Q8PW90	77	8.788E-04	0.975	3.686E-01	0.123	3.090E-01
Q6BTC8	A5W820	75	7.747E-03	0.967	5.047E-01	0.139	3.343E-01
Q6BTC8	B0RTZ8	65	7.048E-03	0.872	4.319E-01	0.125	2.867E-01
Q6BTC8	Q3SKJ2	55	7.872E-02	0.632	5.266E-01	0.108	3.175E-01
Q6BTC8	P47330	27	8.385E-01	0.069	4.179E-01	0.076	2.515E-01
Q6BTC8	Q4FMW8	25	2.961E-01	0.057	2.765E-01	0.094	2.066E-01
Q6BTC8	B1Q3J6	23	2.160E+00	0.045	4.456E-01	0.096	2.964E-01
Q6BTC8	Q2EEX9	21	1.551E+00	0.034	3.622E-01	0.099	2.453E-01
Q6BTC8	Q9M548	21	3.933E-01	0.034	1.384E-01	0.107	3.334E-01
Q6BTC8	Q0UMB6	20	7.276E-01	0.029	1.243E-01	0.117	4.335E-01
Q6BTC8	Q03018	20	1.013E+00	0.029	1.671E-01	0.137	3.866E-01
Q6BTC8	Q31G65	18	2.060E+00	0.020	3.330E-01	0.137	2.278E-01
Q6BTC8	P18296	17	1.168E+00	0.016	1.552E-01	0.119	3.405E-01
Q6BTC8	Q9WTR2	14	1.411E+00	0.010	1.002E-01	0.123	3.794E-01
Q6BTC8	Q54X15	14	6.940E-01	0.010	7.073E-02	0.093	3.699E-01
Q6BTC8	Q9KVK6	13	3.307E+00	0.009	1.779E-01	0.127	3.216E-01
Q6BTC8	Q9P6Y2	13	3.811E+00	0.009	1.216E-01	0.158	5.094E-01
Q6BTC8	Q6R9F9	12	2.737E+00	0.008	1.411E-01	0.126	3.096E-01
Q6BTC8	Q06644	11	5.308E+00	0.007	1.764E-01	0.071	3.276E-01
Q6BTC8	Q54VQ7	10	3.307E+00	0.000	8.947E-02	0.125	3.925E-01
Q6BTC8	Q126M1	9	7.390E+00	0.000	3.112E-01	0.098	2.096E-01
Q6BTC8	Q6R7K3	9	4.605E+00	0.000	1.516E-01	0.109	2.649E-01
Q6BTC8	Q0WL81	9	9.811E+00	0.000	2.958E-01	0.087	2.542E-01
Q6BTC8	Q5IBC5	9	5.834E+00	0.000	1.103E-01	0.124	3.974E-01
Q6BTC8	Q47LM9	8	6.413E+00	0.000	2.462E-01	0.131	1.759E-01
Q6BTC8	Q99558	8	4.190E+00	0.000	7.804E-02	0.107	3.855E-01
Q6BTC8	P53349	8	8.123E+00	0.000	1.354E-01	0.104	4.209E-01
Q6BTC8	O99824	7	7.748E+00	0.000	1.561E-01	0.095	2.519E-01
Q6BTC8	P56524	7	6.723E+00	0.000	9.017E-02	0.104	3.893E-01
Q6BTC8	P0DN21	6	9.811E+00	0.000	2.214E-01	0.061	1.817E-01
A6LRL7	Q04804	152	3.216E-05	1.000	7.528E-01	0.178	5.427E-01
A6LRL7	Q9HWR3	129	9.977E-05	1.000	6.582E-01	0.091	5.310E-01
A6LRL7	P70954	123	1.426E-04	1.000	6.788E-01	0.109	4.918E-01
A6LRL7	Q8ZVM0	66	3.355E-03	0.887	5.820E-01	0.156	2.924E-01
A6LRL7	O34779	26	7.434E-02	0.063	2.041E-01	0.088	3.035E-01
A6LRL7	Q54IF7	22	1.462E+00	0.040	6.720E-01	0.137	2.159E-01
A6LRL7	O07014	22	2.306E-01	0.040	2.368E-01	0.052	2.721E-01
A6LRL7	Q54RN1	21	1.970E+00	0.034	7.272E-01	0.115	2.290E-01
A6LRL7	P17906	19	2.757E-01	0.024	1.769E-01	0.056	2.933E-01
A6LRL7	Q0VMA8	19	4.274E+00	0.024	6.215E-01	0.162	3.689E-01
A6LRL7	A0QU81	18	3.794E+00	0.020	5.989E-01	0.186	3.404E-01
A6LRL7	P14746	18	9.636E-01	0.020	3.561E-01	0.081	2.309E-01
A6LRL7	O99827	16	3.173E+00	0.014	5.195E-01	0.113	2.677E-01
A6LRL7	P27756	16	9.636E-01	0.014	2.902E-01	0.165	2.168E-01
A6LRL7	Q8WY54	16	4.185E-01	0.014	1.961E-01	0.092	2.343E-01
A6LRL7	Q59478	15	1.023E+00	0.011	3.426E-01	0.098	1.733E-01
A6LRL7	P63883	15	3.794E+00	0.011	4.383E-01	0.090	2.923E-01
A6LRL7	Q8PU61	14	5.423E+00	0.010	5.209E-01	0.142	2.976E-01
A6LRL7	Q0WL81	14	2.091E+00	0.010	3.038E-01	0.083	2.506E-01
A6LRL7	B4XVN1	13	2.091E+00	0.009	2.864E-01	0.097	2.213E-01
A6LRL7	P42517	12	4.536E+00	0.008	3.982E-01	0.074	2.731E-01
A6LRL7	Q09451	12	5.423E+00	0.008	4.138E-01	0.147	2.873E-01
A6LRL7	Q9WYH1	11	3.574E+00	0.007	2.961E-01	0.129	2.460E-01
A6LRL7	D7CFN7	11	3.367E+00	0.007	3.081E-01	0.084	2.313E-01
A6LRL7	G4FEF4	10	6.882E+00	0.000	5.147E-01	0.200	2.279E-01
A6LRL7	Q9WTR2	9	4.274E+00	0.000	2.518E-01	0.111	2.221E-01
A6LRL7	Q99638	8	9.266E+00	0.000	5.211E-01	0.081	2.084E-01
A6LRL7	Q11HB8	8	6.484E+00	0.000	3.287E-01	0.071	2.148E-01
A6LRL7	Q8KRU5	7	3.794E+00	0.000	2.410E-01	0.090	1.160E-01
A6LRL7	P34697	6	7.752E+00	0.000	3.499E-01	0.304	1.313E-01
A6LRL7	P0DTA7	6	8.227E+00	0.000	2.703E-01	0.068	2.055E-01
A6LRL7	Q9I1X7	6	6.484E+00	0.000	2.305E-01	0.101	1.896E-01
A6LRL7	P26225	5	3.574E+00	0.000	1.358E-01	0.041	1.339E-01
A6LRL7	P18161	4	8.731E+00	0.000	2.308E-01	0.104	1.359E-01
P0DOY1	P25265	271	2.915E-10	1.000	7.158E-01	0.125	4.888E-01
P0DOY1	B1Q3J6	236	8.030E-09	1.000	7.167E-01	0.143	4.867E-01
P0DOY1	Q67472	125	2.484E-05	1.000	6.239E-01	0.161	3.802E-01
P0DOY1	Q9M548	107	7.200E-07	1.000	2.671E-01	0.147	4.234E-01
P0DOY1	B0RTZ8	59	3.497E-02	0.747	5.794E-01	0.163	3.668E-01
P0DOY1	A5W820	58	5.483E-02	0.720	6.041E-01	0.137	3.978E-01
P0DOY1	Q8PW90	50	8.125E-02	0.473	5.590E-01	0.125	3.537E-01
P0DOY1	P25201	47	4.379E-02	0.382	4.897E-01	0.118	3.030E-01
P0DOY1	Q55AX2	34	7.681E-02	0.126	2.065E-01	0.098	4.328E-01
P0DOY1	A1ASL7	25	7.681E-02	0.057	2.343E-01	0.115	2.076E-01
P0DOY1	Q54VQ7	24	4.147E-01	0.051	1.622E-01	0.132	5.088E-01
P0DOY1	P47330	22	1.276E+00	0.040	4.573E-01	0.087	2.751E-01
P0DOY1	Q4FMW8	21	9.108E-01	0.034	4.343E-01	0.126	2.182E-01
P0DOY1	Q8L7W7	18	7.694E-01	0.020	2.988E-01	0.142	2.041E-01
P0DOY1	Q2RJD5	16	1.891E+00	0.014	3.692E-01	0.132	2.274E-01
P0DOY1	A2STA4	16	2.965E+00	0.014	3.885E-01	0.144	2.766E-01
P0DOY1	Q6C4Y5	16	1.598E+00	0.014	2.176E-01	0.113	3.485E-01
P0DOY1	G4FEF4	15	8.610E-01	0.011	2.229E-01	0.087	2.143E-01
P0DOY1	Q6AW06	15	1.019E+00	0.011	8.642E-02	0.138	5.979E-01
P0DOY1	B4U701	14	2.000E+00	0.010	2.858E-01	0.094	2.466E-01
P0DOY1	O15541	13	8.610E-01	0.009	9.584E-02	0.130	3.921E-01
P0DOY1	P75438	11	4.153E+00	0.007	3.065E-01	0.103	2.346E-01
P0DOY1	Q9BZ23	11	4.393E+00	0.007	1.116E-01	0.153	6.314E-01
P0DOY1	O96720	10	2.965E+00	0.000	2.431E-01	0.093	1.717E-01
P0DOY1	A0A2L0V161	10	5.818E+00	0.000	1.813E-01	0.089	4.334E-01
P0DOY1	I6Y2J4	10	3.136E+00	0.000	2.446E-01	0.090	2.108E-01
P0DOY1	P18296	10	2.238E+00	0.000	2.194E-01	0.071	1.870E-01
P0DOY1	Q6BMM5	9	4.916E+00	0.000	1.106E-01	0.110	5.536E-01
P0DOY1	Q0UMB6	9	9.643E+00	0.000	4.301E-01	0.122	2.535E-01
P0DOY1	O18017	9	7.284E+00	0.000	1.457E-01	0.136	6.278E-01
P0DOY1	O74539	8	8.620E+00	0.000	3.309E-01	0.133	2.159E-01
P0DOY1	D7CFN7	7	6.510E+00	0.000	2.209E-01	0.128	2.001E-01
P39049	Q59478	304	3.569E-12	1.000	6.008E-01	0.142	5.355E-01
P39049	Q59639	151	1.847E-07	1.000	4.878E-01	0.115	3.973E-01
P39049	P18269	114	7.147E-06	1.000	4.493E-01	0.109	3.731E-01
P39049	A7LXU0	110	6.057E-05	1.000	5.765E-01	0.105	3.673E-01
P39049	A0A3R0A696	102	4.086E-05	1.000	4.530E-01	0.145	3.756E-01
P39049	B2UPR7	59	1.581E-03	0.747	3.590E-01	0.123	2.970E-01
P39049	P62576	56	2.934E-03	0.663	3.378E-01	0.097	3.154E-01
P39049	P29126	42	2.622E-03	0.254	2.711E-01	0.100	2.250E-01
P39049	P0C7A1	31	5.166E-02	0.098	3.035E-01	0.067	2.212E-01
P39049	O31502	25	7.659E-02	0.057	2.067E-01	0.083	2.463E-01
P39049	Q3U487	25	4.632E-01	0.057	4.183E-01	0.066	2.325E-01
P39049	O80596	24	5.183E-01	0.051	3.639E-01	0.089	2.680E-01
P39049	Q09103	19	1.422E-01	0.024	1.927E-01	0.109	1.899E-01
P39049	Q9KG76	15	2.108E-01	0.011	1.636E-01	0.097	1.628E-01
P39049	Q9C5E5	14	1.992E-01	0.010	1.267E-01	0.075	1.886E-01
P39049	Q8KRU5	11	9.622E-01	0.007	1.197E-01	0.113	2.319E-01
P39049	D7CFN7	11	5.183E-01	0.007	1.044E-01	0.090	1.834E-01
P39049	A0QPN2	11	2.237E+00	0.007	3.234E-01	0.090	1.526E-01
P39049	O24982	9	8.622E+00	0.000	4.917E-01	0.043	1.983E-01
P39049	Q54RN1	9	4.392E+00	0.000	2.578E-01	0.104	2.094E-01
P39049	P76261	9	6.510E+00	0.000	3.588E-01	0.203	2.045E-01
P39049	Q8WY54	9	1.509E+00	0.000	1.276E-01	0.074	2.036E-01
P39049	Q59119	9	7.706E+00	0.000	5.163E-01	0.193	1.724E-01
P39049	A0A5J6BJQ5	8	2.801E+00	0.000	1.328E-01	0.071	2.255E-01
P39049	Q06163	8	1.509E+00	0.000	1.693E-01	0.139	1.265E-01
P39049	D4AZ24	8	1.509E+00	0.000	1.150E-01	0.098	1.577E-01
P39049	A7FH78	8	3.135E+00	0.000	1.636E-01	0.096	1.888E-01
P39049	O34779	7	6.887E+00	0.000	2.057E-01	0.080	2.138E-01
P39049	E7DDH2	7	3.135E+00	0.000	1.722E-01	0.078	1.613E-01
P39049	Q1Q7Z7	7	1.786E+00	0.000	1.509E-01	0.125	1.257E-01
P39049	P14746	7	3.925E+00	0.000	1.399E-01	0.065	1.865E-01
P39049	Q25197	7	3.711E+00	0.000	1.693E-01	0.062	1.511E-01
P39049	A0P8X0	6	4.646E+00	0.000	1.445E-01	0.095	1.876E-01
P39049	Q12923	5	6.887E+00	0.000	1.031E-01	0.078	2.157E-01
P39049	Q6CMN5	3	9.119E+00	0.000	9.808E-02	0.097	1.601E-01
Q54R82	P53349	1105	2.262E-26	1.000	9.236E-01	0.403	8.001E-01
Q54R82	P53599	933	1.243E-23	1.000	8.706E-01	0.322	7.472E-01
Q54R82	Q9WTR2	844	1.140E-26	1.000	5.993E-01	0.297	7.047E-01
Q54R82	O60674	611	2.294E-17	1.000	8.030E-01	0.241	6.262E-01
Q54R82	P18106	603	5.227E-15	1.000	9.057E-01	0.237	7.134E-01
Q54R82	P43254	579	7.120E-19	1.000	6.344E-01	0.113	6.080E-01
Q54R82	Q25197	539	1.401E-16	1.000	6.510E-01	0.172	6.561E-01
Q54R82	P18161	527	6.077E-16	1.000	6.590E-01	0.220	6.675E-01
Q54R82	Q8G4G1	511	1.329E-15	1.000	6.411E-01	0.193	6.733E-01
Q54R82	Q99558	495	1.275E-17	1.000	5.157E-01	0.185	6.241E-01
Q54R82	Q5GIT4	483	3.928E-17	1.000	5.275E-01	0.176	6.117E-01
Q54R82	Q6NSM8	474	1.345E-18	1.000	4.539E-01	0.145	5.865E-01
Q54R82	Q6CMN5	435	8.459E-13	1.000	7.796E-01	0.112	5.819E-01
Q54R82	P08581	408	6.332E-14	1.000	5.669E-01	0.179	5.994E-01
Q54R82	P18475	402	4.497E-14	1.000	5.622E-01	0.142	5.757E-01
Q54R82	Q9XU42	299	1.241E-10	1.000	6.088E-01	0.164	4.950E-01
Q54R82	O74539	156	3.084E-05	1.000	6.029E-01	0.123	4.821E-01
Q54R82	Q504Y2	150	1.001E-05	1.000	5.296E-01	0.141	4.351E-01
Q54R82	P50828	110	1.486E-06	1.000	2.804E-01	0.088	3.519E-01
Q54R82	Q12923	102	1.269E-03	1.000	4.251E-01	0.160	5.367E-01
Q54R82	P18269	48	2.164E-02	0.411	3.547E-01	0.093	2.645E-01
Q54R82	A7LXU0	45	1.264E-02	0.326	2.924E-01	0.076	2.457E-01
Q54R82	P37297	42	3.048E-02	0.254	3.028E-01	0.155	2.677E-01
Q54R82	H2QL32	35	1.602E+00	0.138	4.480E-01	0.080	5.745E-01
Q54R82	Q49GP3	27	3.516E-01	0.069	2.229E-01	0.125	3.366E-01
Q54R82	Q9VR91	24	2.148E+00	0.051	4.005E-01	0.129	3.913E-01
Q54R82	C1L2D3	19	5.439E+00	0.024	7.699E-01	0.160	2.464E-01
Q54R82	D4AZ24	16	4.276E-01	0.014	1.233E-01	0.081	2.257E-01
Q54R82	Q5U315	12	4.259E+00	0.008	1.231E-01	0.115	4.922E-01
Q54R82	Q83FY2	11	3.025E+00	0.007	2.323E-01	0.065	1.796E-01
Q54R82	Q8K0L2	11	3.862E+00	0.007	3.205E-01	0.115	1.640E-01
Q54R82	D7CFN7	11	1.766E+00	0.007	1.343E-01	0.073	2.123E-01
Q54R82	Q9HWR3	11	3.678E+00	0.007	2.335E-01	0.079	2.152E-01
Q54R82	P00691	7	4.697E+00	0.000	1.331E-01	0.085	1.840E-01
Q54R82	Q9WYH1	5	6.298E+00	0.000	1.564E-01	0.062	1.351E-01
Q54R82	P22222	5	8.041E+00	0.000	1.037E-01	0.083	1.936E-01
Q5PR55	A7IAL9	20	8.110E-01	0.029	3.111E-01	0.130	2.893E-01
Q5PR55	Q9C5E5	15	2.777E-01	0.011	1.463E-01	0.106	2.128E-01
Q5PR55	P86926	14	1.092E+00	0.010	2.417E-01	0.099	2.084E-01
Q5PR55	Q10313	13	2.668E+00	0.009	3.124E-01	0.073	2.616E-01
Q5PR55	Q9I1X7	13	4.295E+00	0.009	6.701E-01	0.272	1.778E-01
Q5PR55	P35970	11	5.450E+00	0.007	6.254E-01	0.137	1.674E-01
Q5PR55	A3DNB5	10	1.981E+00	0.000	2.314E-01	0.100	1.631E-01
Q5PR55	P22222	10	2.368E+00	0.000	2.080E-01	0.141	1.987E-01
Q5PR55	B8YB57	9	1.561E+00	0.000	1.415E-01	0.076	2.150E-01
Q5PR55	C1L2D3	9	4.295E+00	0.000	2.034E-01	0.089	2.532E-01
Q5PR55	A0QPN2	9	9.696E-01	0.000	1.923E-01	0.147	1.212E-01
Q5PR55	Q8CXQ3	8	2.514E+00	0.000	1.684E-01	0.072	1.826E-01
Q5PR55	O55716	7	8.265E+00	0.000	3.117E-01	0.147	1.880E-01
Q5PR55	Q6CMN5	7	4.838E+00	0.000	1.855E-01	0.102	1.900E-01
Q5PR55	P53599	7	7.788E+00	0.000	2.493E-01	0.114	2.523E-01
Q5PR55	Q8ZVM0	6	9.878E+00	0.000	3.658E-01	0.043	1.725E-01
Q5PR55	B1Q3J6	6	3.813E+00	0.000	2.174E-01	0.277	1.168E-01
Q5PR55	Q6NSM8	5	7.338E+00	0.000	1.569E-01	0.104	1.717E-01
Q5PR55	P18106	5	6.515E+00	0.000	1.215E-01	0.100	2.133E-01
Q5PR55	Q8BI06	5	4.559E+00	0.000	1.028E-01	0.121	1.957E-01
Q5PR55	Q8S1V1	4	9.878E+00	0.000	1.270E-01	0.085	1.916E-01
Q5PR55	Q5AGZ9	4	8.771E+00	0.000	1.252E-01	0.092	2.012E-01
Q5PR55	Q9HWR3	4	7.338E+00	0.000	1.171E-01	0.096	2.013E-01
Q5PR55	Q9XU42	4	9.878E+00	0.000	1.691E-01	0.090	2.121E-01
Q5PR55	Q9K838	4	5.135E+00	0.000	9.529E-02	0.102	1.816E-01
Q5PR55	Q5BMR2	4	6.139E+00	0.000	1.199E-01	0.107	1.776E-01
P73335	B4XVN1	97	8.518E-05	0.999	5.235E-01	0.114	3.515E-01
P73335	P87120	79	2.599E-03	0.981	5.521E-01	0.064	3.998E-01
P73335	P36913	59	1.836E-03	0.747	3.841E-01	0.115	2.999E-01
P73335	B4U701	58	1.395E-02	0.720	4.866E-01	0.078	3.538E-01
P73335	P49610	45	3.138E-02	0.326	4.221E-01	0.076	3.072E-01
P73335	Q3SKU2	42	4.708E-02	0.254	4.105E-01	0.112	3.060E-01
P73335	O22018	35	6.289E-02	0.138	3.248E-01	0.088	3.024E-01
P73335	Q8WPJ2	35	3.185E-01	0.138	4.918E-01	0.072	3.436E-01
P73335	Q9HLV9	34	1.336E-01	0.126	4.099E-01	0.082	2.813E-01
P73335	Q8I4R4	33	2.004E-01	0.116	4.099E-01	0.090	3.176E-01
P73335	Q9K838	32	5.601E-02	0.106	3.165E-01	0.124	2.533E-01
P73335	A4YHV8	31	1.190E-01	0.098	3.095E-01	0.139	2.935E-01
P73335	Q9KVK6	30	3.185E-01	0.090	4.250E-01	0.131	2.964E-01
P73335	O65399	30	2.526E-01	0.090	3.761E-01	0.107	3.008E-01
P73335	D7CFN7	29	1.784E-01	0.082	3.474E-01	0.103	2.705E-01
P73335	Q97DB1	28	5.685E-01	0.076	4.706E-01	0.207	3.028E-01
P73335	A5WDG8	27	1.123E-01	0.069	2.660E-01	0.104	2.657E-01
P73335	P49158	27	1.891E-01	0.069	3.133E-01	0.152	2.676E-01
P73335	O42918	27	3.375E-01	0.069	3.841E-01	0.128	2.710E-01
P73335	A2STA4	24	5.685E-01	0.051	3.409E-01	0.105	2.954E-01
P73335	B1VKF0	23	4.255E-01	0.045	3.174E-01	0.125	2.738E-01
P73335	Q3SKJ2	22	1.811E+00	0.040	5.537E-01	0.080	2.983E-01
P73335	O52951	21	3.232E+00	0.034	6.083E-01	0.104	3.635E-01
P73335	O74539	21	1.784E-01	0.034	2.050E-01	0.082	2.473E-01
P73335	Q8LEC0	20	1.356E+00	0.029	4.329E-01	0.112	2.684E-01
P73335	P25201	20	1.279E+00	0.029	4.143E-01	0.136	2.712E-01
P73335	Q8S1D9	19	9.036E-01	0.024	3.158E-01	0.161	2.711E-01
P73335	P75438	19	1.336E-01	0.024	1.539E-01	0.121	2.451E-01
P73335	Q126M1	18	1.279E+00	0.020	3.356E-01	0.186	2.737E-01
P73335	Q8EJM6	18	1.522E+00	0.020	3.156E-01	0.107	3.134E-01
P73335	P27061	17	1.015E+00	0.016	2.819E-01	0.140	2.482E-01
P73335	Q9SYC9	17	5.063E-01	0.016	1.960E-01	0.069	2.546E-01
P73335	A5W820	16	4.576E+00	0.014	5.649E-01	0.114	3.064E-01
P73335	O31502	16	1.709E+00	0.014	2.658E-01	0.145	3.092E-01
P73335	Q9XGA0	16	1.207E+00	0.014	2.471E-01	0.080	2.770E-01
P73335	P41131	15	2.419E+00	0.011	3.505E-01	0.088	2.671E-01
P73335	Q970N1	14	2.033E+00	0.010	2.543E-01	0.106	2.694E-01
P73335	Q21Z99	14	1.436E+00	0.010	2.132E-01	0.075	2.592E-01
P73335	O18017	14	1.279E+00	0.010	2.309E-01	0.144	2.512E-01
P73335	A0ALG5	13	2.033E+00	0.009	2.531E-01	0.089	2.652E-01
P73335	P97443	13	1.015E+00	0.009	1.669E-01	0.058	2.473E-01
P73335	Q9WTR2	12	1.522E+00	0.008	1.634E-01	0.121	2.601E-01
P73335	B9KBV1	10	3.629E+00	0.000	2.649E-01	0.115	2.270E-01
P73335	P36126	10	5.137E+00	0.000	3.908E-01	0.152	2.104E-01
P73335	P0DUE1	8	3.232E+00	0.000	1.453E-01	0.074	2.343E-01
P73335	O33407	7	8.650E+00	0.000	2.598E-01	0.121	2.372E-01
P73335	Q5E2G4	6	7.705E+00	0.000	2.033E-01	0.085	2.461E-01
Q9S2X7	Q7UF32	345	1.286E-10	1.000	6.912E-01	0.242	7.307E-01
Q9S2X7	A5GTI3	296	4.762E-08	1.000	8.485E-01	0.287	7.247E-01
Q9S2X7	Q7NBQ3	238	4.750E-07	1.000	7.612E-01	0.174	6.645E-01
Q9S2X7	B0S977	223	3.815E-07	1.000	6.941E-01	0.242	6.253E-01
Q9S2X7	Q8PU61	23	2.696E+00	0.045	4.887E-01	0.148	4.129E-01
Q9S2X7	P42517	21	1.398E+00	0.034	3.322E-01	0.089	3.280E-01
Q9S2X7	O99827	17	2.848E+00	0.016	3.537E-01	0.133	3.304E-01
Q9S2X7	G5ED39	12	6.474E+00	0.008	3.510E-01	0.094	3.603E-01
Q9S2X7	Q0H8X1	11	6.838E+00	0.007	3.412E-01	0.130	3.147E-01
Q9S2X7	P08417	10	8.989E+00	0.000	4.558E-01	0.163	2.509E-01
Q9S2X7	O24982	8	8.989E+00	0.000	2.865E-01	0.140	2.736E-01
Q9S2X7	Q92451	8	8.510E+00	0.000	2.705E-01	0.152	3.097E-01
Q9S2X7	B1Q3J6	8	9.493E+00	0.000	2.721E-01	0.066	2.801E-01
Q9S2X7	O99824	7	8.510E+00	0.000	2.468E-01	0.118	2.577E-01
Q9S2X7	A0A150XSC5	6	9.493E+00	0.000	2.302E-01	0.171	2.058E-01
Q9VD44	Q5U315	914	9.542E-29	1.000	6.231E-01	0.280	7.088E-01
Q9VD44	A0A150XSC5	108	1.184E-03	1.000	6.076E-01	0.078	4.271E-01
Q9VD44	Q6PCL9	85	7.445E-03	0.992	5.584E-01	0.145	4.243E-01
Q9VD44	A0A381HBN1	82	5.349E-04	0.988	4.102E-01	0.096	3.149E-01
Q9VD44	Q8ECH7	56	1.264E-01	0.663	6.173E-01	0.166	3.652E-01
Q9VD44	P25615	48	1.467E-01	0.411	4.925E-01	0.136	3.494E-01
Q9VD44	Q57877	42	3.091E-01	0.254	5.071E-01	0.166	3.525E-01
Q9VD44	F1SVL1	31	5.080E-01	0.098	3.937E-01	0.125	3.023E-01
Q9VD44	Q59119	25	1.881E-01	0.057	2.195E-01	0.106	2.384E-01
Q9VD44	B1Q3J6	18	8.775E-01	0.020	1.414E-01	0.085	3.632E-01
Q9VD44	Q99558	17	7.193E-01	0.016	1.008E-01	0.106	4.499E-01
Q9VD44	A7IAL9	16	1.943E+00	0.014	2.521E-01	0.101	2.620E-01
Q9VD44	Q93571	14	2.751E+00	0.010	1.826E-01	0.134	3.690E-01
Q9VD44	Q5AGZ9	13	6.726E+00	0.009	2.432E-01	0.094	4.942E-01
Q9VD44	Q54X15	13	1.018E+00	0.009	5.222E-02	0.109	5.682E-01
Q9VD44	Q6BMM5	10	5.795E+00	0.000	1.237E-01	0.083	5.172E-01
Q9VD44	P97443	9	5.515E+00	0.000	1.640E-01	0.062	2.790E-01
Q9VD44	Q75D88	8	7.428E+00	0.000	1.068E-01	0.143	5.250E-01
P26831	B2UPR7	287	1.255E-10	1.000	5.757E-01	0.105	4.258E-01
P26831	Q3U4H6	196	8.068E-08	1.000	5.048E-01	0.108	3.969E-01
P26831	Q3U487	122	2.054E-04	1.000	5.025E-01	0.104	4.107E-01
P26831	B3PF24	111	2.704E-04	1.000	5.245E-01	0.118	3.430E-01
P26831	A0A191T6Q6	91	4.403E-07	0.997	1.895E-01	0.095	2.747E-01
P26831	Q13231	87	2.230E-03	0.994	5.004E-01	0.107	3.224E-01
P26831	P49610	82	1.252E-05	0.988	2.604E-01	0.110	2.412E-01
P26831	O22018	77	5.580E-03	0.975	5.003E-01	0.105	3.097E-01
P26831	P0C7A1	69	2.054E-04	0.923	2.536E-01	0.071	2.608E-01
P26831	P41131	68	1.396E-02	0.912	4.961E-01	0.098	3.062E-01
P26831	O80596	66	1.590E-06	0.887	1.313E-01	0.107	2.422E-01
P26831	P45796	65	4.237E-03	0.872	2.877E-01	0.105	3.571E-01
P26831	A0A3R0A696	62	4.165E-06	0.817	1.160E-01	0.102	2.701E-01
P26831	Q9KG76	59	1.504E-05	0.747	1.369E-01	0.101	2.457E-01
P26831	G4FEF4	56	5.042E-02	0.663	4.565E-01	0.126	3.115E-01
P26831	P26225	53	1.153E-06	0.569	9.227E-02	0.091	2.152E-01
P26831	D7CFN7	47	7.277E-02	0.382	3.972E-01	0.111	2.824E-01
P26831	O65399	45	6.342E-02	0.326	3.649E-01	0.123	2.769E-01
P26831	P49425	41	1.448E-01	0.233	3.548E-01	0.106	3.000E-01
P26831	B4XVN1	30	1.516E-01	0.090	2.371E-01	0.104	2.474E-01
P26831	P18269	24	5.279E-02	0.051	1.376E-01	0.089	2.024E-01
P26831	Q44233	22	2.268E+00	0.040	4.786E-01	0.107	2.425E-01
P26831	F9VN79	20	1.646E+00	0.029	3.155E-01	0.103	2.541E-01
P26831	D0CY60	19	1.040E+00	0.024	2.317E-01	0.112	2.268E-01
P26831	P18296	18	9.491E-01	0.020	1.574E-01	0.070	2.871E-01
P26831	O33407	16	2.070E+00	0.014	2.921E-01	0.145	2.126E-01
P26831	P24891	15	8.974E+00	0.011	5.491E-01	0.063	3.493E-01
P26831	Q9VF81	15	2.486E+00	0.011	2.440E-01	0.098	2.272E-01
P26831	Q9Z913	14	3.933E+00	0.010	2.953E-01	0.067	2.386E-01
P26831	Q0WL81	12	1.140E+00	0.008	1.349E-01	0.075	1.809E-01
P26831	P53599	12	8.659E-01	0.008	1.014E-01	0.076	2.066E-01
P26831	Q5IBC5	11	3.427E+00	0.007	1.659E-01	0.087	2.525E-01
P26831	Q10423	8	6.220E+00	0.000	1.707E-01	0.083	2.104E-01
P26831	Q9NX78	8	5.942E+00	0.000	1.475E-01	0.090	2.250E-01
Q10916	Q8KRU5	175	2.106E-07	1.000	5.962E-01	0.093	4.137E-01
Q10916	B3A0N5	139	1.290E-07	1.000	4.679E-01	0.119	3.180E-01
Q10916	B4U701	35	1.049E-01	0.138	4.090E-01	0.074	2.516E-01
Q10916	Q8WPJ2	34	4.156E-02	0.126	2.929E-01	0.125	2.425E-01
Q10916	P19487	27	2.505E-01	0.069	3.552E-01	0.104	2.227E-01
Q10916	B4XVN1	26	2.793E-01	0.063	3.369E-01	0.078	2.412E-01
Q10916	Q9HLV9	24	6.673E-01	0.051	4.050E-01	0.058	2.491E-01
Q10916	O80596	23	2.505E-01	0.045	2.704E-01	0.086	2.285E-01
Q10916	O52951	22	1.354E+00	0.040	4.423E-01	0.088	2.659E-01
Q10916	O45870	22	5.985E-01	0.040	3.114E-01	0.107	2.441E-01
Q10916	B3PF24	21	7.857E-01	0.034	3.255E-01	0.088	2.446E-01
Q10916	Q8PW90	18	2.372E-01	0.020	1.658E-01	0.075	2.161E-01
Q10916	Q8I4R4	18	5.367E-01	0.020	2.165E-01	0.097	2.304E-01
Q10916	A0QZ13	18	4.089E-01	0.020	2.700E-01	0.100	1.760E-01
Q10916	P0C7A1	18	7.046E-01	0.020	2.752E-01	0.084	2.209E-01
Q10916	P29126	18	1.877E+00	0.020	3.968E-01	0.085	2.549E-01
Q10916	Q8KBF9	17	1.214E+00	0.016	3.107E-01	0.119	2.229E-01
Q10916	Q59601	15	9.250E-01	0.011	2.347E-01	0.071	2.097E-01
Q10916	Q9LXM4	14	3.416E+00	0.010	4.019E-01	0.095	2.318E-01
Q10916	Q9HN88	13	1.031E+00	0.009	2.149E-01	0.077	1.808E-01
Q10916	Q5VKJ7	13	2.602E+00	0.009	3.811E-01	0.090	1.791E-01
Q10916	P49425	12	3.235E+00	0.008	2.948E-01	0.084	2.307E-01
Q10916	A7FH78	12	1.683E+00	0.008	2.162E-01	0.110	1.918E-01
Q10916	Q10423	11	4.484E+00	0.007	3.288E-01	0.141	2.244E-01
Q10916	Q9WZ43	11	3.064E+00	0.007	2.528E-01	0.125	2.277E-01
Q10916	E0XKJ9	10	5.886E+00	0.000	3.051E-01	0.073	2.511E-01
Q10916	D7CFN7	10	8.613E+00	0.000	4.825E-01	0.130	2.493E-01
Q10916	P00691	10	3.607E+00	0.000	2.273E-01	0.078	2.167E-01
Q10916	P97687	8	6.930E+00	0.000	2.714E-01	0.099	2.128E-01
Q10916	Q76IC6	7	3.809E+00	0.000	1.134E-01	0.162	2.127E-01
Q10916	Q10313	7	6.930E+00	0.000	2.610E-01	0.132	1.895E-01
Q10916	Q11087	6	7.317E+00	0.000	1.334E-01	0.083	2.335E-01
Q10916	P18269	6	9.601E+00	0.000	2.924E-01	0.100	1.724E-01
Q99N23	Q2RJD5	16	1.996E+00	0.014	4.274E-01	0.134	2.301E-01
Q99N23	P0DTA7	14	2.121E+00	0.010	3.760E-01	0.090	2.292E-01
Q99N23	A0A5J6BJQ5	12	5.273E-01	0.008	1.732E-01	0.093	1.566E-01
Q99N23	P9WKQ1	11	2.121E+00	0.007	2.779E-01	0.090	1.855E-01
Q99N23	Q9I1X7	10	1.026E+00	0.000	1.815E-01	0.106	1.608E-01
Q99N23	P0A1F0	9	3.442E+00	0.000	2.415E-01	0.097	2.125E-01
Q99N23	C4L0S9	7	5.932E+00	0.000	2.543E-01	0.142	1.687E-01
Q99N23	Q9NBX4	7	3.049E+00	0.000	1.860E-01	0.080	1.627E-01
Q99N23	P17906	5	5.584E+00	0.000	1.455E-01	0.054	1.409E-01
Q99N23	Q97TX9	5	7.556E+00	0.000	2.952E-01	0.063	1.274E-01
Q99N23	A0R3R7	5	5.256E+00	0.000	1.629E-01	0.186	1.546E-01
Q99N23	A0QLI5	5	4.948E+00	0.000	1.653E-01	0.092	1.589E-01
Q99N23	P08581	5	7.556E+00	0.000	1.209E-01	0.116	2.447E-01
Q99N23	Q59639	4	7.112E+00	0.000	1.275E-01	0.112	1.458E-01
Q99N23	Q58724	4	9.057E+00	0.000	1.457E-01	0.088	1.724E-01
Q9YEK1	A4YHV8	335	9.757E-12	1.000	7.963E-01	0.207	5.752E-01
Q9YEK1	B4U701	283	2.082E-10	1.000	7.433E-01	0.181	5.499E-01
Q9YEK1	Q9HLV9	180	1.339E-06	1.000	7.250E-01	0.137	5.187E-01
Q9YEK1	B3PF24	73	2.502E-03	0.956	5.058E-01	0.094	3.779E-01
Q9YEK1	P29126	56	8.119E-03	0.663	4.371E-01	0.127	3.425E-01
Q9YEK1	Q3U4H6	55	1.745E-02	0.632	4.911E-01	0.087	3.490E-01
Q9YEK1	G4FEF4	47	2.964E-02	0.382	4.421E-01	0.078	3.225E-01
Q9YEK1	Q3SKU2	46	3.334E-02	0.353	4.415E-01	0.126	3.218E-01
Q9YEK1	O22018	45	3.334E-02	0.326	4.064E-01	0.132	3.367E-01
Q9YEK1	Q8I4R4	43	2.964E-02	0.277	3.950E-01	0.103	3.018E-01
Q9YEK1	D7CFN7	38	2.484E-02	0.179	3.584E-01	0.140	2.513E-01
Q9YEK1	Q8EJM6	34	1.732E-01	0.126	4.423E-01	0.116	2.955E-01
Q9YEK1	Q54PA9	32	9.616E-02	0.106	2.800E-01	0.081	3.344E-01
Q9YEK1	Q9K838	29	2.615E-01	0.082	3.867E-01	0.125	2.930E-01
Q9YEK1	Q9HN88	28	2.466E-01	0.076	3.106E-01	0.115	3.244E-01
Q9YEK1	B8GZV1	25	1.732E-01	0.057	2.578E-01	0.089	2.870E-01
Q9YEK1	Q8KBF9	25	5.961E-01	0.057	3.772E-01	0.152	3.096E-01
Q9YEK1	O42918	25	8.486E-01	0.057	4.406E-01	0.091	3.170E-01
Q9YEK1	A0A191T6Q6	24	3.309E-01	0.051	3.285E-01	0.093	2.503E-01
Q9YEK1	Q92451	23	1.732E-01	0.045	2.867E-01	0.110	2.226E-01
Q9YEK1	Q10313	21	4.711E-01	0.034	3.067E-01	0.124	2.439E-01
Q9YEK1	Q9XGA0	20	5.621E-01	0.029	2.643E-01	0.117	2.692E-01
Q9YEK1	Q8KRU5	20	5.299E-01	0.029	2.898E-01	0.091	2.546E-01
Q9YEK1	Q0WL81	20	6.706E-01	0.029	3.157E-01	0.148	2.671E-01
Q9YEK1	P47330	19	1.012E+00	0.024	3.827E-01	0.084	2.474E-01
Q9YEK1	P41131	19	2.774E-01	0.024	2.081E-01	0.078	2.325E-01
Q9YEK1	P27061	18	5.961E-01	0.020	2.426E-01	0.128	2.702E-01
Q9YEK1	Q8K9B8	18	2.052E+00	0.020	3.788E-01	0.066	3.086E-01
Q9YEK1	Q9KVK6	17	3.484E+00	0.016	4.788E-01	0.132	3.228E-01
Q9YEK1	F9VN79	14	1.208E+00	0.010	2.438E-01	0.166	2.250E-01
Q9YEK1	G5EB30	13	1.934E+00	0.009	2.752E-01	0.107	2.414E-01
Q9YEK1	Q10423	12	2.448E+00	0.008	2.953E-01	0.093	2.249E-01
Q9YEK1	A2STA4	12	4.157E+00	0.008	3.429E-01	0.132	2.916E-01
Q9YEK1	Q8XJU2	12	1.529E+00	0.008	1.941E-01	0.062	2.299E-01
Q9YEK1	P18952	11	2.448E+00	0.007	2.205E-01	0.087	2.321E-01
Q9YEK1	Q8S1D9	10	4.157E+00	0.000	2.527E-01	0.131	2.362E-01
Q9YEK1	Q9WTR2	10	4.409E+00	0.000	2.527E-01	0.134	2.509E-01
Q9YEK1	Q9LXM4	8	8.420E+00	0.000	3.489E-01	0.153	2.670E-01
Q9YEK1	P75438	8	3.484E+00	0.000	1.685E-01	0.087	2.270E-01
Q9YEK1	Q8VYL1	8	6.275E+00	0.000	2.416E-01	0.124	2.373E-01
Q9YEK1	O31504	8	5.917E+00	0.000	2.577E-01	0.106	2.270E-01
Q9YEK1	Q11HB8	7	4.676E+00	0.000	1.567E-01	0.161	2.185E-01
Q9YEK1	P0DN21	6	9.469E+00	0.000	2.452E-01	0.111	2.652E-01
Q166H0	A2BN08	26	4.041E-01	0.063	4.255E-01	0.168	2.550E-01
Q166H0	Q10423	22	2.529E-01	0.040	2.662E-01	0.095	2.500E-01
Q166H0	Q8LL04	17	3.138E+00	0.016	4.914E-01	0.088	3.114E-01
Q166H0	A0PSA3	15	6.717E+00	0.011	6.291E-01	0.115	3.501E-01
Q166H0	Q51645	15	2.208E+00	0.011	3.519E-01	0.065	2.663E-01
Q166H0	F1SVL1	14	2.791E+00	0.010	4.540E-01	0.132	1.913E-01
Q166H0	O80596	14	2.341E+00	0.010	3.039E-01	0.129	2.618E-01
Q166H0	Q11A17	13	2.341E+00	0.009	4.780E-01	0.137	1.455E-01
Q166H0	O22018	13	5.315E+00	0.009	4.435E-01	0.106	2.840E-01
Q166H0	Q44233	13	4.205E+00	0.009	4.115E-01	0.120	2.608E-01
Q166H0	Q9KVK6	11	2.341E+00	0.007	2.410E-01	0.147	2.293E-01
Q166H0	Q6G2A9	11	6.845E-01	0.007	1.350E-01	0.098	1.793E-01
Q166H0	Q8WWR8	10	4.205E+00	0.000	4.401E-01	0.117	1.529E-01
Q166H0	Q4I1J3	10	5.013E+00	0.000	3.103E-01	0.150	2.649E-01
Q166H0	Q09451	9	8.006E+00	0.000	5.419E-01	0.027	1.875E-01
Q166H0	O60674	9	3.138E+00	0.000	2.227E-01	0.091	1.887E-01
Q166H0	Q8TEK3	9	6.717E+00	0.000	3.288E-01	0.133	2.371E-01
Q166H0	P27061	8	4.459E+00	0.000	1.969E-01	0.090	2.374E-01
Q166H0	Q3U4H6	8	4.728E+00	0.000	2.417E-01	0.128	2.106E-01
Q166H0	Q11087	7	6.717E+00	0.000	2.528E-01	0.089	2.251E-01
Q166H0	Q8W4C3	7	2.632E+00	0.000	1.219E-01	0.091	1.882E-01
Q166H0	H2L045	7	5.635E+00	0.000	3.343E-01	0.095	1.316E-01
Q166H0	A0A381HBN1	6	7.122E+00	0.000	1.702E-01	0.091	2.097E-01
Q166H0	A0A191T6Q6	6	5.635E+00	0.000	1.721E-01	0.097	2.077E-01
Q166H0	P0C7A1	5	8.006E+00	0.000	1.649E-01	0.116	1.690E-01
Q166H0	P18269	4	8.006E+00	0.000	1.920E-01	0.203	1.126E-01
A8AC29	Q21Z99	983	2.081E-31	1.000	8.068E-01	0.178	6.536E-01
A8AC29	Q31G65	39	3.242E-03	0.196	2.122E-01	0.111	2.441E-01
A8AC29	O18017	34	1.443E-01	0.126	4.396E-01	0.150	2.388E-01
A8AC29	Q9YFQ8	31	1.366E-01	0.098	4.092E-01	0.133	2.222E-01
A8AC29	O52951	23	1.377E+00	0.045	4.839E-01	0.134	2.748E-01
A8AC29	Q8CXQ3	22	9.900E-01	0.040	3.753E-01	0.037	2.824E-01
A8AC29	Q47LM9	19	2.368E-01	0.024	2.208E-01	0.125	1.883E-01
A8AC29	P63883	18	8.394E-01	0.020	3.275E-01	0.119	1.876E-01
A8AC29	A0A381HBN1	15	5.116E-01	0.011	1.608E-01	0.095	2.328E-01
A8AC29	Q11087	15	1.168E+00	0.011	2.862E-01	0.101	1.766E-01
A8AC29	A0QLI5	15	2.259E+00	0.011	2.657E-01	0.082	2.830E-01
A8AC29	P0ABN1	14	3.509E+00	0.010	2.958E-01	0.101	3.268E-01
A8AC29	P40136	13	3.707E+00	0.009	2.502E-01	0.133	3.260E-01
A8AC29	P23179	12	5.156E+00	0.008	4.178E-01	0.130	2.438E-01
A8AC29	P18106	12	3.917E+00	0.008	2.643E-01	0.124	3.059E-01
A8AC29	P24891	10	6.081E+00	0.000	2.324E-01	0.077	3.259E-01
A8AC29	Q823P5	10	4.372E+00	0.000	2.206E-01	0.103	2.940E-01
A8AC29	Q41745	10	1.813E+00	0.000	1.755E-01	0.108	1.822E-01
A8AC29	Q48H61	10	9.971E+00	0.000	4.677E-01	0.121	2.962E-01
A8AC29	Q17VI1	10	2.024E+00	0.000	2.185E-01	0.068	1.696E-01
A8AC29	B2UPR7	10	2.259E+00	0.000	1.929E-01	0.101	1.815E-01
A8AC29	Q50983	9	3.509E+00	0.000	2.336E-01	0.112	1.675E-01
A8AC29	Q9CBQ2	8	5.448E+00	0.000	2.148E-01	0.173	2.395E-01
A8AC29	Q8VYL1	8	8.005E+00	0.000	3.216E-01	0.098	2.206E-01
A8AC29	Q8KBF9	7	4.880E+00	0.000	1.605E-01	0.129	2.291E-01
A8AC29	A0R3R7	6	4.619E+00	0.000	1.252E-01	0.105	1.924E-01
A8AC29	A8GAD1	5	8.934E+00	0.000	2.081E-01	0.081	1.627E-01
Q19187	Q9XU42	1389	2.916E-47	1.000	5.934E-01	0.286	7.182E-01
Q19187	Q03101	524	5.486E-20	1.000	4.515E-01	0.212	7.132E-01
Q19187	Q553Y7	419	2.623E-19	1.000	3.252E-01	0.182	6.755E-01
Q19187	O60674	320	1.545E-11	1.000	6.334E-01	0.201	5.331E-01
Q19187	P43524	292	9.102E-11	1.000	5.855E-01	0.194	5.471E-01
Q19187	Q25197	227	1.072E-11	1.000	3.835E-01	0.153	4.346E-01
Q19187	P08581	223	2.327E-10	1.000	4.320E-01	0.166	4.658E-01
Q19187	P18475	212	6.270E-10	1.000	4.158E-01	0.137	4.702E-01
Q19187	Q8G4G1	164	2.488E-05	1.000	6.981E-01	0.186	5.077E-01
Q19187	Q5GIT4	141	4.039E-07	1.000	3.823E-01	0.140	4.131E-01
Q19187	Q9WTR2	137	7.388E-11	1.000	2.101E-01	0.108	3.320E-01
Q19187	P53349	112	9.167E-05	1.000	4.394E-01	0.180	4.565E-01
Q19187	Q99558	106	5.950E-03	1.000	7.054E-01	0.151	5.444E-01
Q19187	Q6NSM8	105	4.039E-07	1.000	1.784E-01	0.137	4.935E-01
Q19187	Q8EJM6	89	3.020E-03	0.996	5.398E-01	0.135	4.288E-01
Q19187	O74539	85	5.360E-03	0.992	5.556E-01	0.150	4.347E-01
Q19187	Q504Y2	84	3.585E-05	0.991	3.171E-01	0.120	3.101E-01
Q19187	Q8ZNT5	81	3.352E-03	0.986	4.606E-01	0.130	4.306E-01
Q19187	P53599	79	1.002E-02	0.981	4.867E-01	0.164	4.981E-01
Q19187	P18106	55	1.766E-01	0.632	5.540E-01	0.163	4.821E-01
Q19187	P18161	30	2.049E+00	0.090	5.239E-01	0.191	5.015E-01
Q19187	O34779	20	1.499E+00	0.029	3.269E-01	0.094	2.915E-01
Q19187	Q75D88	19	9.874E-01	0.024	1.599E-01	0.124	4.431E-01
Q19187	Q8VYL1	18	2.415E-01	0.020	1.253E-01	0.083	2.627E-01
Q19187	O52951	17	5.240E+00	0.016	5.364E-01	0.077	3.255E-01
Q19187	O31534	16	3.111E+00	0.014	3.983E-01	0.137	2.416E-01
Q19187	P39848	15	1.945E+00	0.011	2.733E-01	0.094	2.296E-01
Q19187	A0AFT8	9	6.128E+00	0.000	2.973E-01	0.095	1.930E-01
Q19187	Q9KVK6	9	3.111E+00	0.000	1.403E-01	0.071	2.327E-01
Q19187	P29349	9	7.951E+00	0.000	1.069E-01	0.144	7.283E-01
Q19187	Q2EEX9	8	4.721E+00	0.000	1.511E-01	0.121	2.417E-01
Q19187	P05489	8	6.455E+00	0.000	1.382E-01	0.103	3.896E-01
Q19187	Q5BMR2	8	6.128E+00	0.000	8.097E-02	0.120	6.565E-01
Q19187	Q9C5E5	7	4.254E+00	0.000	9.644E-02	0.075	2.421E-01
Q19187	Q12923	7	6.128E+00	0.000	5.990E-02	0.114	5.893E-01
Q19187	O34303	5	6.128E+00	0.000	9.522E-02	0.080	1.995E-01
Q19187	Q8K0L2	5	8.824E+00	0.000	1.375E-01	0.076	2.103E-01
P18539	D4AXL1	370	6.684E-15	1.000	6.351E-01	0.167	5.221E-01
P18539	P54427	100	2.479E-05	1.000	4.664E-01	0.084	3.344E-01
P18539	H2L045	25	4.221E-01	0.057	4.650E-01	0.160	1.995E-01
P18539	O74539	24	5.294E-01	0.051	2.952E-01	0.129	3.242E-01
P18539	Q57877	22	2.181E+00	0.040	5.873E-01	0.318	2.838E-01
P18539	Q9HWR3	18	1.948E+00	0.020	5.972E-01	0.090	1.754E-01
P18539	Q9ES63	16	3.064E+00	0.014	5.132E-01	0.043	2.312E-01
P18539	P0A1T4	15	7.165E+00	0.011	6.411E-01	0.125	3.623E-01
P18539	Q8W4C3	15	2.443E+00	0.011	4.465E-01	0.073	1.979E-01
P18539	A0QPN2	15	4.067E+00	0.011	6.411E-01	0.243	2.073E-01
P18539	A0A2L0V161	12	9.507E+00	0.008	4.303E-01	0.153	4.755E-01
P18539	P19666	10	5.713E+00	0.000	2.928E-01	0.105	2.712E-01
P18539	Q8EJM6	10	2.061E+00	0.000	2.315E-01	0.115	1.702E-01
P18539	O07014	9	4.821E+00	0.000	3.496E-01	0.129	1.519E-01
P18539	P76261	9	9.327E-01	0.000	1.366E-01	0.077	1.510E-01
P18539	O31502	8	6.046E+00	0.000	3.674E-01	0.125	1.643E-01
P18539	Q59478	8	1.841E+00	0.000	2.117E-01	0.148	1.156E-01
P18539	Q99638	8	3.632E+00	0.000	2.356E-01	0.060	1.500E-01
P18539	P43524	8	4.304E+00	0.000	2.952E-01	0.127	1.360E-01
P18539	O33407	8	3.844E+00	0.000	2.760E-01	0.055	1.295E-01
P18539	P18269	8	8.023E+00	0.000	3.992E-01	0.107	1.765E-01
P18539	Q4X1W0	7	2.896E+00	0.000	1.399E-01	0.107	1.758E-01
P18539	Q8ZNT5	7	2.736E+00	0.000	1.250E-01	0.094	1.956E-01
P18539	Q9UKN8	7	2.736E+00	0.000	1.616E-01	0.123	1.576E-01
P18539	Q5BMR2	6	5.713E+00	0.000	2.346E-01	0.069	1.332E-01
P18539	P49425	5	6.046E+00	0.000	1.874E-01	0.125	1.425E-01
P18539	Q8L6Y1	5	4.067E+00	0.000	8.723E-02	0.083	1.595E-01
P18539	Q03018	4	8.023E+00	0.000	1.088E-01	0.108	1.759E-01
P42494	P25615	234	5.954E-09	1.000	6.554E-01	0.164	5.952E-01
P42494	Q6PCL9	63	4.824E-03	0.837	5.577E-01	0.200	3.221E-01
P42494	Q5U315	39	6.982E-02	0.196	4.038E-01	0.127	3.392E-01
P42494	P0DTA7	38	1.727E-02	0.179	3.233E-01	0.116	2.740E-01
P42494	A0A381HBN1	28	4.064E-01	0.076	4.006E-01	0.132	3.396E-01
P42494	Q504Y2	24	2.838E+00	0.051	7.148E-01	0.161	4.014E-01
P42494	Q83FY2	23	2.365E+00	0.045	5.996E-01	0.156	3.691E-01
P42494	P54570	18	2.365E+00	0.020	5.039E-01	0.103	2.825E-01
P42494	P18161	18	2.838E+00	0.020	4.852E-01	0.194	3.454E-01
P42494	B2UPR7	17	1.546E+00	0.016	3.636E-01	0.157	2.711E-01
P42494	A0A3R0A696	17	5.851E-01	0.016	2.696E-01	0.134	2.256E-01
P42494	F1SVL1	16	7.460E-01	0.014	2.305E-01	0.169	2.457E-01
P42494	Q97TX9	16	3.205E+00	0.014	5.622E-01	0.133	2.392E-01
P42494	B4XVN1	15	3.845E+00	0.011	5.079E-01	0.111	2.840E-01
P42494	Q5AGZ9	15	3.618E+00	0.011	5.155E-01	0.096	2.475E-01
P42494	A0QLI5	15	1.213E+00	0.011	2.572E-01	0.046	2.537E-01
P42494	P49610	15	4.876E-01	0.011	2.301E-01	0.066	1.787E-01
P42494	Q8KBF9	14	1.011E+00	0.010	2.049E-01	0.143	2.743E-01
P42494	Q0DVX2	14	3.845E+00	0.010	4.711E-01	0.055	2.793E-01
P42494	Q12923	13	3.016E+00	0.009	3.203E-01	0.075	2.856E-01
P42494	Q5SHZ3	12	6.249E+00	0.008	5.609E-01	0.285	2.517E-01
P42494	P49425	12	4.341E+00	0.008	4.205E-01	0.054	2.325E-01
P42494	Q59119	12	5.209E+00	0.008	5.619E-01	0.137	2.021E-01
P42494	Q54XS6	11	8.464E+00	0.007	6.017E-01	0.128	2.787E-01
P42494	P0CT48	11	3.405E+00	0.007	2.862E-01	0.049	2.419E-01
P42494	Q59NR8	11	5.881E+00	0.007	5.170E-01	0.064	2.195E-01
P42494	G4FEF4	11	6.249E+00	0.007	4.702E-01	0.066	2.707E-01
P42494	Q54IF7	10	3.405E+00	0.000	2.540E-01	0.102	2.301E-01
P42494	Q7VA47	10	8.464E+00	0.000	5.302E-01	0.083	2.424E-01
P42494	P18475	10	6.249E+00	0.000	4.278E-01	0.130	2.325E-01
P42494	Q6KHN3	9	7.056E+00	0.000	3.797E-01	0.115	2.528E-01
P42494	Q8EJM6	9	4.341E+00	0.000	1.937E-01	0.098	2.990E-01
P42494	Q09103	9	2.095E+00	0.000	1.808E-01	0.091	2.112E-01
P42494	Q13231	8	4.341E+00	0.000	1.853E-01	0.169	2.538E-01
P42494	Q99638	7	5.881E+00	0.000	2.704E-01	0.160	1.798E-01
P42494	Q6NVF4	7	3.205E+00	0.000	1.703E-01	0.119	1.810E-01
P42494	Q9RR70	6	8.993E+00	0.000	3.436E-01	0.121	1.865E-01
Q824Y6	Q09103	30	5.232E-02	0.090	2.510E-01	0.108	2.863E-01
Q824Y6	A2BN08	22	1.341E+00	0.040	5.066E-01	0.125	2.882E-01
Q824Y6	H2QL32	20	1.013E-01	0.029	1.770E-01	0.142	2.304E-01
Q824Y6	Q31G65	18	8.295E-01	0.020	3.151E-01	0.072	2.455E-01
Q824Y6	Q0UMB6	17	6.927E-01	0.016	2.611E-01	0.093	2.355E-01
Q824Y6	Q4FMW8	16	6.143E-01	0.014	2.466E-01	0.112	2.046E-01
Q824Y6	Q6MLD2	13	1.341E+00	0.009	2.251E-01	0.124	2.260E-01
Q824Y6	P47330	12	3.303E+00	0.008	3.665E-01	0.067	2.113E-01
Q824Y6	P63883	12	9.354E-01	0.008	1.808E-01	0.108	2.061E-01
Q824Y6	B3ETH8	11	3.110E+00	0.007	2.989E-01	0.050	2.083E-01
Q824Y6	Q44233	11	2.597E+00	0.007	3.059E-01	0.100	1.933E-01
Q824Y6	O22018	10	3.724E+00	0.000	2.512E-01	0.114	2.322E-01
Q824Y6	Q3U4H6	10	2.597E+00	0.000	2.364E-01	0.065	2.022E-01
Q824Y6	A4SGY3	10	1.606E+00	0.000	2.429E-01	0.123	1.448E-01
Q824Y6	Q0DVX2	8	3.303E+00	0.000	1.841E-01	0.140	1.946E-01
Q824Y6	Q12923	8	4.200E+00	0.000	2.091E-01	0.090	2.290E-01
Q824Y6	P9WPJ7	7	6.394E+00	0.000	3.013E-01	0.098	1.530E-01
Q824Y6	A1ASL7	7	1.923E+00	0.000	1.124E-01	0.113	1.746E-01
Q824Y6	Q9XGA0	7	4.460E+00	0.000	2.404E-01	0.129	1.738E-01
Q824Y6	A0A191T6Q6	6	7.655E+00	0.000	2.182E-01	0.082	2.065E-01
Q824Y6	Q8VYL1	5	4.736E+00	0.000	1.459E-01	0.111	1.522E-01
Q824Y6	B2UPR7	5	5.340E+00	0.000	1.567E-01	0.129	1.708E-01
Q824Y6	Q6NVF4	5	9.165E+00	0.000	2.179E-01	0.085	1.739E-01
Q824Y6	P9WKQ1	4	9.731E+00	0.000	1.980E-01	0.103	1.532E-01
Q824Y6	Q10313	4	9.731E+00	0.000	1.869E-01	0.104	1.664E-01
Q91YE9	O67359	90	3.197E-03	0.996	6.570E-01	0.125	4.495E-01
Q91YE9	Q53464	72	5.695E-03	0.949	5.534E-01	0.115	3.890E-01
Q91YE9	Q59728	70	1.139E-02	0.933	5.792E-01	0.119	4.100E-01
Q91YE9	Q51645	65	6.034E-03	0.872	4.887E-01	0.102	3.607E-01
Q91YE9	A0ALG5	62	8.053E-03	0.817	4.905E-01	0.147	3.549E-01
Q91YE9	P27061	59	7.602E-03	0.747	4.395E-01	0.169	3.496E-01
Q91YE9	P24070	58	1.015E-02	0.720	4.670E-01	0.095	3.422E-01
Q91YE9	Q5E2G4	54	6.076E-02	0.601	5.652E-01	0.111	3.979E-01
Q91YE9	P64636	53	2.277E-02	0.569	4.595E-01	0.110	3.616E-01
Q91YE9	A6W230	51	4.297E-02	0.505	5.057E-01	0.141	3.577E-01
Q91YE9	Q48NS2	46	7.655E-02	0.353	5.001E-01	0.112	3.567E-01
Q91YE9	A0RKU8	37	2.574E-01	0.164	4.870E-01	0.138	3.557E-01
Q91YE9	O20163	28	1.147E-01	0.076	2.740E-01	0.134	2.752E-01
Q91YE9	A2BN08	27	2.556E-02	0.069	1.745E-01	0.089	2.655E-01
Q91YE9	P80187	21	1.287E-01	0.034	1.841E-01	0.080	2.526E-01
Q91YE9	O74539	21	7.655E-02	0.034	1.532E-01	0.116	2.373E-01
Q91YE9	P76261	14	1.029E+00	0.010	1.839E-01	0.121	2.500E-01
Q91YE9	Q48H61	13	3.882E+00	0.009	3.272E-01	0.068	2.968E-01
Q91YE9	Q9C5E5	13	1.455E+00	0.009	2.395E-01	0.101	2.026E-01
Q91YE9	Q8LL04	12	1.541E+00	0.008	9.654E-02	0.112	4.769E-01
Q91YE9	Q9BZ23	10	4.891E+00	0.000	1.015E-01	0.150	7.306E-01
Q91YE9	Q8PW90	9	8.220E+00	0.000	4.396E-01	0.098	2.252E-01
Q91YE9	E0XKJ9	9	2.309E+00	0.000	1.515E-01	0.099	2.253E-01
Q91YE9	Q9HLV9	8	4.357E+00	0.000	1.743E-01	0.151	2.200E-01
Q91YE9	O31504	8	5.181E+00	0.000	1.973E-01	0.051	2.302E-01
Q91YE9	P47330	7	5.181E+00	0.000	1.918E-01	0.101	2.155E-01
Q91YE9	P18952	7	4.113E+00	0.000	1.080E-01	0.089	3.033E-01
Q91YE9	P0DN21	7	4.891E+00	0.000	1.557E-01	0.105	2.537E-01
Q91YE9	P0DSI2	7	6.161E+00	0.000	1.914E-01	0.054	2.593E-01
Q91YE9	P49424	7	2.446E+00	0.000	1.328E-01	0.089	1.825E-01
Q91YE9	Q9KVK6	7	6.914E+00	0.000	2.238E-01	0.122	2.039E-01
Q91YE9	P75438	6	3.665E+00	0.000	1.075E-01	0.100	2.126E-01
Q91YE9	Q10313	6	6.161E+00	0.000	1.442E-01	0.103	2.347E-01
Q91YE9	Q2RJD5	5	8.708E+00	0.000	1.639E-01	0.108	2.292E-01
B1AJ41	Q8CXQ3	1893	6.531E-54	1.000	9.683E-01	0.510	8.656E-01
B1AJ41	Q48H61	1694	6.217E-50	1.000	9.327E-01	0.439	8.365E-01
B1AJ41	A5FR85	1320	3.584E-40	1.000	9.292E-01	0.326	7.805E-01
B1AJ41	B3ETH8	1149	2.468E-37	1.000	8.704E-01	0.318	7.289E-01
B1AJ41	Q6MLD2	141	1.359E-06	1.000	5.560E-01	0.185	4.457E-01
B1AJ41	Q4FMW8	124	1.879E-05	1.000	5.805E-01	0.186	4.590E-01
B1AJ41	P47330	116	3.460E-05	1.000	6.106E-01	0.186	4.142E-01
B1AJ41	Q31G65	96	1.693E-04	0.999	5.173E-01	0.086	4.279E-01
B1AJ41	Q2EEX9	91	1.436E-03	0.997	6.430E-01	0.152	4.482E-01
B1AJ41	Q0VMA8	51	1.145E-02	0.505	4.117E-01	0.114	3.472E-01
B1AJ41	Q8XJU2	46	5.503E-03	0.353	3.235E-01	0.117	2.987E-01
B1AJ41	A4SGY3	42	1.077E-02	0.254	3.212E-01	0.108	2.988E-01
B1AJ41	Q11HB8	36	6.731E-02	0.150	3.638E-01	0.076	3.203E-01
B1AJ41	P36913	33	2.242E-02	0.116	2.790E-01	0.103	2.559E-01
B1AJ41	A5GRJ7	31	8.233E-01	0.098	6.746E-01	0.183	3.278E-01
B1AJ41	P25265	31	1.583E-01	0.098	3.971E-01	0.124	2.818E-01
B1AJ41	P41131	28	3.501E-01	0.076	4.065E-01	0.129	3.208E-01
B1AJ41	Q126M1	27	5.369E-01	0.069	5.083E-01	0.112	2.762E-01
B1AJ41	Q5V1K0	26	9.888E-01	0.063	6.209E-01	0.129	2.795E-01
B1AJ41	Q86DA5	21	6.448E-01	0.034	3.151E-01	0.096	2.972E-01
B1AJ41	A2STA4	19	1.516E+00	0.024	4.446E-01	0.125	2.725E-01
B1AJ41	Q9M548	18	2.058E+00	0.020	4.669E-01	0.070	2.884E-01
B1AJ41	P0A1F0	16	3.155E+00	0.014	5.395E-01	0.214	2.667E-01
B1AJ41	Q5SHZ3	15	1.713E+00	0.011	3.005E-01	0.085	2.596E-01
B1AJ41	B9KBV1	14	2.058E+00	0.010	3.508E-01	0.112	2.348E-01
B1AJ41	Q9HLV9	13	2.472E+00	0.009	3.079E-01	0.089	2.670E-01
B1AJ41	Q54PA9	13	7.745E-01	0.009	1.996E-01	0.088	1.998E-01
B1AJ41	Q21Z99	13	1.188E+00	0.009	2.128E-01	0.113	2.493E-01
B1AJ41	P25201	13	2.627E+00	0.009	3.427E-01	0.128	2.425E-01
B1AJ41	Q9Z913	12	4.552E+00	0.008	3.461E-01	0.148	2.893E-01
B1AJ41	A7LXU0	12	6.855E-01	0.008	1.586E-01	0.117	1.942E-01
B1AJ41	F9VN79	11	4.029E+00	0.007	3.100E-01	0.123	2.484E-01
B1AJ41	Q0WL81	11	1.713E+00	0.007	2.070E-01	0.101	2.169E-01
B1AJ41	P0CG30	10	3.790E+00	0.000	2.493E-01	0.120	2.469E-01
B1AJ41	P27061	10	4.838E+00	0.000	3.374E-01	0.100	2.190E-01
B1AJ41	Q9VSY6	10	3.155E+00	0.000	2.700E-01	0.126	2.168E-01
B1AJ41	Q8S1D9	10	4.552E+00	0.000	4.325E-01	0.192	1.618E-01
B1AJ41	B3A0N5	9	3.155E+00	0.000	2.091E-01	0.112	2.020E-01
B1AJ41	B2UPR7	9	1.612E+00	0.000	1.343E-01	0.084	2.182E-01
B1AJ41	Q53464	8	3.354E+00	0.000	1.812E-01	0.082	2.153E-01
B1AJ41	A0A1W2PR19	8	4.282E+00	0.000	2.015E-01	0.084	2.425E-01
B1AJ41	P80187	8	5.467E+00	0.000	2.861E-01	0.160	1.973E-01
B1AJ41	O18017	8	5.143E+00	0.000	2.157E-01	0.125	2.314E-01
B1AJ41	Q9C5E5	6	8.380E+00	0.000	2.257E-01	0.114	2.299E-01
P40582	P26697	239	6.900E-08	1.000	6.655E-01	0.162	5.763E-01
P40582	A0A1W2PR19	234	3.166E-07	1.000	7.467E-01	0.122	5.760E-01
P40582	P0CG30	202	4.614E-06	1.000	7.467E-01	0.139	5.852E-01
P40582	Q04806	80	1.157E-02	0.984	5.721E-01	0.117	4.582E-01
P40582	Q8JGM4	42	9.975E-02	0.254	3.480E-01	0.140	3.873E-01
P40582	Q0DVX2	21	6.327E+00	0.034	8.708E-01	0.333	3.832E-01
P40582	Q5GIT4	21	7.027E+00	0.034	9.365E-01	0.066	3.856E-01
P40582	P0ABN1	18	2.730E+00	0.020	3.209E-01	0.096	3.538E-01
P40582	Q8U1L4	17	4.866E+00	0.016	4.052E-01	0.076	3.893E-01
P40582	P18106	16	2.591E+00	0.014	2.814E-01	0.174	3.245E-01
P40582	P74133	15	2.100E+00	0.011	2.160E-01	0.109	3.033E-01
P40582	Q04804	14	4.617E+00	0.010	2.893E-01	0.092	3.598E-01
P40582	Q54VQ7	14	1.615E+00	0.010	1.814E-01	0.128	2.954E-01
P40582	A5I308	12	9.135E+00	0.008	3.962E-01	0.112	4.180E-01
P40582	A5GRJ7	12	9.135E+00	0.008	5.038E-01	0.173	3.083E-01
P40582	Q9Z913	11	9.135E+00	0.007	5.378E-01	0.117	2.708E-01
P40582	Q9NBX4	11	5.696E+00	0.007	2.428E-01	0.093	3.278E-01
P40582	P24891	10	4.157E+00	0.000	1.910E-01	0.109	2.896E-01
P40582	Q6R7K3	10	7.805E+00	0.000	2.922E-01	0.067	3.439E-01
P40582	Q2RJD5	9	6.668E+00	0.000	2.846E-01	0.077	2.425E-01
P40582	Q196V9	9	7.027E+00	0.000	2.330E-01	0.118	3.208E-01
P40582	Q31HD6	9	8.668E+00	0.000	2.803E-01	0.140	3.157E-01
P40582	O55716	9	6.668E+00	0.000	2.553E-01	0.126	2.774E-01
P40582	O31504	8	6.003E+00	0.000	1.582E-01	0.111	2.839E-01
P40582	Q03018	8	9.627E+00	0.000	2.755E-01	0.113	3.180E-01
P40582	Q8PU61	7	8.225E+00	0.000	1.813E-01	0.143	2.878E-01
P40582	Q97AJ4	7	9.627E+00	0.000	2.786E-01	0.173	2.305E-01
P40582	Q50983	7	7.027E+00	0.000	2.372E-01	0.088	1.949E-01
P40582	Q7UGJ6	7	7.027E+00	0.000	2.428E-01	0.096	1.835E-01
P40582	Q8KRU5	7	9.135E+00	0.000	3.616E-01	0.102	1.823E-01
Q695T8	P54493	289	8.416E-08	1.000	8.583E-01	0.197	5.785E-01
Q695T8	Q695T9	235	3.659E-07	1.000	7.619E-01	0.165	4.996E-01
Q695T8	P53259	110	1.245E-04	1.000	3.654E-01	0.139	4.863E-01
Q695T8	Q6BSA9	104	4.450E-04	1.000	5.070E-01	0.152	3.851E-01
Q695T8	O32865	13	1.842E+00	0.009	1.704E-01	0.127	2.584E-01
Q695T8	Q03018	13	2.471E+00	0.009	1.869E-01	0.095	2.887E-01
Q695T8	Q9K838	11	4.448E+00	0.007	1.951E-01	0.134	2.704E-01
Q695T8	Q8K9B8	9	5.410E+00	0.000	2.100E-01	0.112	2.088E-01
Q695T8	Q59NR8	9	5.682E+00	0.000	2.231E-01	0.145	2.149E-01
Q695T8	A4SGY3	9	6.266E+00	0.000	2.245E-01	0.076	2.264E-01
Q695T8	Q823P5	8	5.967E+00	0.000	1.572E-01	0.116	2.633E-01
Q695T8	Q3U4H6	8	8.826E+00	0.000	2.589E-01	0.087	2.330E-01
Q695T8	P40136	8	8.004E+00	0.000	2.300E-01	0.089	2.549E-01
Q695T8	Q9I7S6	8	5.967E+00	0.000	9.417E-02	0.100	4.027E-01
Q695T8	Q59119	6	9.733E+00	0.000	1.608E-01	0.091	2.380E-01
Q8GJ44	P29126	958	9.173E-23	1.000	8.187E-01	0.457	7.850E-01
Q8GJ44	P0CT48	751	1.347E-18	1.000	7.725E-01	0.392	7.537E-01
Q8GJ44	P45796	287	6.139E-16	1.000	2.571E-01	0.171	4.433E-01
Q8GJ44	Q9KG76	278	1.559E-11	1.000	4.501E-01	0.190	4.356E-01
Q8GJ44	O80596	188	2.850E-14	1.000	1.766E-01	0.117	3.408E-01
Q8GJ44	P49425	106	4.845E-03	1.000	6.575E-01	0.158	4.241E-01
Q8GJ44	Q5BA89	73	9.184E-03	0.956	4.572E-01	0.148	3.356E-01
Q8GJ44	P18269	47	5.071E-03	0.382	2.245E-01	0.103	2.474E-01
Q8GJ44	A7LXU0	44	1.025E-03	0.301	1.521E-01	0.095	2.366E-01
Q8GJ44	Q3U487	34	8.616E-02	0.126	2.691E-01	0.082	2.350E-01
Q8GJ44	Q59478	33	3.393E-01	0.116	3.390E-01	0.128	2.883E-01
Q8GJ44	O86372	31	4.073E-01	0.098	3.539E-01	0.121	2.659E-01
Q8GJ44	Q8KRU5	22	3.717E-01	0.040	2.306E-01	0.109	1.996E-01
Q8GJ44	B4XVN1	21	1.925E+00	0.034	3.562E-01	0.142	2.733E-01
Q8GJ44	D0CY60	19	4.671E-01	0.024	1.982E-01	0.114	1.908E-01
Q8GJ44	Q25197	18	2.354E-01	0.020	1.574E-01	0.085	1.674E-01
Q8GJ44	P54570	14	7.047E-01	0.010	1.316E-01	0.099	1.885E-01
Q8GJ44	Q3J6L0	14	5.025E+00	0.010	3.571E-01	0.095	2.480E-01
Q8GJ44	Q8MLZ3	14	1.016E+00	0.010	1.663E-01	0.076	1.783E-01
Q8GJ44	P9WMK7	13	3.183E+00	0.009	2.611E-01	0.209	2.089E-01
Q8GJ44	A0P8X0	13	4.263E-01	0.009	9.813E-02	0.112	1.747E-01
Q8GJ44	Q8BI06	13	6.145E-01	0.009	1.086E-01	0.089	1.747E-01
Q8GJ44	Q54RN1	9	2.015E+00	0.000	1.133E-01	0.096	1.691E-01
Q8GJ44	D7CFN7	9	2.905E+00	0.000	1.154E-01	0.089	2.242E-01
Q8GJ44	Q2RJD5	7	6.609E+00	0.000	2.126E-01	0.074	1.504E-01
Q8GJ44	Q84T94	6	7.579E+00	0.000	2.299E-01	0.078	1.089E-01
Q8GJ44	Q5BMR2	6	5.025E+00	0.000	1.320E-01	0.074	1.497E-01
Q8GJ44	Q12923	6	5.260E+00	0.000	1.180E-01	0.146	1.512E-01
P09961	P27756	164	5.803E-08	1.000	4.693E-01	0.109	3.890E-01
P09961	A0P8X0	108	7.137E-07	1.000	3.454E-01	0.092	3.001E-01
P09961	D7CFN7	53	3.838E-02	0.569	4.731E-01	0.093	3.366E-01
P09961	G4FEF4	31	9.018E-02	0.098	2.599E-01	0.078	2.754E-01
P09961	Q9KG76	23	9.450E-01	0.045	4.387E-01	0.074	2.301E-01
P09961	Q8WPJ2	22	5.844E-01	0.040	3.297E-01	0.109	2.303E-01
P09961	Q126M1	19	2.358E-01	0.024	1.777E-01	0.093	2.101E-01
P09961	A2STA4	17	3.614E-01	0.016	1.730E-01	0.109	2.214E-01
P09961	Q59478	15	1.058E-01	0.011	1.103E-01	0.103	1.631E-01
P09961	Q9WYH1	14	1.528E+00	0.010	2.939E-01	0.113	1.705E-01
P09961	Q8K0L2	14	3.787E+00	0.010	3.750E-01	0.128	2.468E-01
P09961	P0DN21	13	1.996E+00	0.009	2.357E-01	0.094	2.273E-01
P09961	P17906	12	1.700E+00	0.008	1.823E-01	0.033	2.142E-01
P09961	P29126	12	6.165E-01	0.008	1.395E-01	0.058	1.689E-01
P09961	O07014	11	6.458E+00	0.007	3.174E-01	0.070	2.807E-01
P09961	Q196V9	10	2.606E+00	0.000	1.568E-01	0.126	2.226E-01
P09961	Q0VMA8	10	2.900E+00	0.000	1.658E-01	0.115	2.406E-01
P09961	Q44233	10	2.749E+00	0.000	2.162E-01	0.113	1.704E-01
P09961	B2UPR7	10	2.471E+00	0.000	1.812E-01	0.111	1.924E-01
P09961	P40136	10	1.373E+00	0.000	1.179E-01	0.115	2.124E-01
P09961	P62576	9	1.700E+00	0.000	1.353E-01	0.087	1.807E-01
P09961	O94251	8	4.689E+00	0.000	2.913E-01	0.089	1.345E-01
P09961	P34697	8	5.217E+00	0.000	2.227E-01	0.056	1.983E-01
P09961	P97687	8	5.805E+00	0.000	2.272E-01	0.072	1.938E-01
P09961	Q84T94	8	9.381E+00	0.000	4.530E-01	0.096	1.916E-01
P09961	O33407	8	1.892E+00	0.000	1.398E-01	0.068	1.546E-01
P09961	P26225	8	3.995E+00	0.000	1.556E-01	0.053	2.003E-01
P09961	Q59119	7	7.995E+00	0.000	2.435E-01	0.062	2.297E-01
Q8RBK1	Q7UGJ6	1851	1.373E-51	1.000	9.560E-01	0.413	8.731E-01
Q8RBK1	Q50983	1828	9.834E-51	1.000	9.577E-01	0.402	8.776E-01
Q8RBK1	Q17VI1	1626	1.022E-46	1.000	9.346E-01	0.360	8.375E-01
Q8RBK1	Q97AJ4	1420	7.172E-42	1.000	9.189E-01	0.364	8.044E-01
Q8RBK1	Q5V1K0	289	1.537E-10	1.000	7.736E-01	0.216	5.519E-01
Q8RBK1	Q9Z913	275	4.777E-10	1.000	7.540E-01	0.187	5.610E-01
Q8RBK1	Q6MLD2	271	1.169E-09	1.000	7.919E-01	0.197	5.562E-01
Q8RBK1	Q4FMW8	238	1.272E-08	1.000	7.673E-01	0.215	5.433E-01
Q8RBK1	O32232	45	1.094E-02	0.326	3.795E-01	0.190	2.810E-01
Q8RBK1	B9KBV1	38	2.585E-01	0.179	5.966E-01	0.112	3.352E-01
Q8RBK1	O31502	29	2.744E-01	0.082	4.388E-01	0.118	2.718E-01
Q8RBK1	A1ASL7	28	3.609E-02	0.076	2.810E-01	0.126	2.031E-01
Q8RBK1	I6Y2J4	21	1.220E+00	0.034	4.320E-01	0.125	2.907E-01
Q8RBK1	P76261	21	7.568E-01	0.034	3.677E-01	0.128	2.693E-01
Q8RBK1	Q9WYH1	20	2.036E-01	0.029	2.665E-01	0.128	1.957E-01
Q8RBK1	P25265	19	9.052E-01	0.024	3.722E-01	0.125	2.442E-01
Q8RBK1	A7IAL9	17	3.092E-01	0.016	1.940E-01	0.081	2.331E-01
Q8RBK1	A0QPN2	16	3.092E-01	0.014	1.798E-01	0.103	2.049E-01
Q8RBK1	Q67472	13	5.755E+00	0.009	5.598E-01	0.150	2.568E-01
Q8RBK1	A0A151EH88	10	4.533E+00	0.000	2.916E-01	0.068	2.335E-01
Q8RBK1	P0A1F0	10	8.735E+00	0.000	5.826E-01	0.095	2.369E-01
Q8RBK1	P49158	10	3.571E+00	0.000	4.256E-01	0.184	1.482E-01
Q8RBK1	B4U701	8	7.754E+00	0.000	4.007E-01	0.084	2.167E-01
Q8RBK1	P0DN21	8	7.754E+00	0.000	3.531E-01	0.108	2.229E-01
Q8RBK1	Q8I4R4	8	2.813E+00	0.000	1.720E-01	0.102	1.842E-01
Q8RBK1	Q1Q7Z7	8	4.023E+00	0.000	2.137E-01	0.134	1.923E-01
Q8RBK1	P64636	6	6.882E+00	0.000	3.222E-01	0.157	1.287E-01
Q8RBK1	Q9M548	6	5.755E+00	0.000	1.954E-01	0.103	1.771E-01
Q8RBK1	Q54X15	4	5.422E+00	0.000	1.202E-01	0.086	1.563E-01
Q9ZCD8	P36126	221	1.376E-09	1.000	6.681E-01	0.160	4.970E-01
Q9ZCD8	Q5BMR2	204	8.581E-09	1.000	6.152E-01	0.126	5.413E-01
Q9ZCD8	Q53728	148	5.892E-07	1.000	5.766E-01	0.100	4.641E-01
Q9ZCD8	Q4FMW8	37	6.524E-02	0.164	4.260E-01	0.087	3.048E-01
Q9ZCD8	D7CFN7	36	2.306E-01	0.150	5.055E-01	0.133	3.819E-01
Q9ZCD8	Q6MLD2	33	1.306E-01	0.116	3.944E-01	0.135	3.387E-01
Q9ZCD8	A6W230	30	3.161E-01	0.090	4.612E-01	0.162	3.324E-01
Q9ZCD8	A2STA4	30	9.245E-01	0.090	6.090E-01	0.096	4.068E-01
Q9ZCD8	Q8CXQ3	27	5.238E-01	0.069	4.936E-01	0.150	3.115E-01
Q9ZCD8	Q8PW90	26	7.650E-01	0.063	4.770E-01	0.135	3.389E-01
Q9ZCD8	B3ETH8	26	1.268E+00	0.063	5.599E-01	0.103	3.830E-01
Q9ZCD8	Q126M1	26	1.438E+00	0.063	5.838E-01	0.106	3.863E-01
Q9ZCD8	Q48H61	24	2.456E-01	0.051	3.363E-01	0.140	2.594E-01
Q9ZCD8	A5FR85	22	7.182E-01	0.040	4.146E-01	0.214	2.864E-01
Q9ZCD8	P43524	22	2.616E-01	0.040	3.614E-01	0.142	2.074E-01
Q9ZCD8	P76261	21	1.738E+00	0.034	5.103E-01	0.095	3.449E-01
Q9ZCD8	O80612	20	5.238E-01	0.029	2.112E-01	0.118	4.136E-01
Q9ZCD8	P25201	19	1.632E+00	0.024	4.392E-01	0.058	3.118E-01
Q9ZCD8	Q86DA5	19	1.190E+00	0.024	3.661E-01	0.130	2.943E-01
Q9ZCD8	P49610	17	1.738E+00	0.016	3.453E-01	0.053	3.107E-01
Q9ZCD8	Q9KVK6	16	2.880E+00	0.014	4.317E-01	0.144	3.136E-01
Q9ZCD8	Q8TEK3	16	4.334E-01	0.014	2.088E-01	0.075	2.424E-01
Q9ZCD8	Q6AW06	15	4.917E-01	0.011	2.009E-01	0.080	2.411E-01
Q9ZCD8	P27061	14	4.771E+00	0.010	5.246E-01	0.163	3.126E-01
Q9ZCD8	Q6C4Y5	14	8.148E-01	0.010	1.829E-01	0.116	2.650E-01
Q9ZCD8	Q8WPJ2	13	2.237E+00	0.009	3.499E-01	0.173	2.258E-01
Q9ZCD8	O18017	11	8.417E+00	0.007	5.371E-01	0.084	3.159E-01
Q9ZCD8	H2L045	11	3.948E+00	0.007	4.431E-01	0.065	2.117E-01
Q9ZCD8	Q8W4C3	10	6.541E+00	0.000	4.253E-01	0.083	2.837E-01
Q9ZCD8	P40557	10	4.479E+00	0.000	2.171E-01	0.084	3.462E-01
Q9ZCD8	P54427	9	3.948E+00	0.000	2.010E-01	0.076	2.942E-01
Q9ZCD8	Q11087	9	5.765E+00	0.000	3.248E-01	0.074	2.480E-01
Q9ZCD8	P19487	9	8.417E+00	0.000	4.131E-01	0.121	2.910E-01
Q9ZCD8	Q92451	9	4.479E+00	0.000	2.912E-01	0.120	2.180E-01
Q9ZCD8	Q8JGM4	9	4.205E+00	0.000	2.311E-01	0.104	2.572E-01
Q9ZCD8	Q9K838	9	6.141E+00	0.000	3.294E-01	0.073	2.707E-01
Q9ZCD8	Q55AX2	9	4.479E+00	0.000	2.669E-01	0.089	2.222E-01
Q9ZCD8	O74539	9	7.420E+00	0.000	3.994E-01	0.078	2.832E-01
Q9ZCD8	Q7WTB3	8	3.067E+00	0.000	2.262E-01	0.075	1.592E-01
Q9ZCD8	P49425	8	9.547E+00	0.000	4.573E-01	0.113	2.435E-01
Q9ZCD8	Q0WL81	8	2.383E+00	0.000	1.891E-01	0.108	1.644E-01
Q9ZCD8	Q9BQ50	7	9.547E+00	0.000	3.589E-01	0.115	2.758E-01
Q9ZCD8	Q9WZ43	5	8.965E+00	0.000	2.124E-01	0.057	2.440E-01
Q9ZCD8	Q9BZ23	5	8.417E+00	0.000	2.020E-01	0.058	2.205E-01
Q8VYU4	Q6BMM5	505	8.075E-17	1.000	7.438E-01	0.145	6.532E-01
Q8VYU4	Q1ZXD9	150	4.104E-06	1.000	6.728E-01	0.136	4.041E-01
Q8VYU4	O45870	145	7.140E-07	1.000	5.568E-01	0.145	3.729E-01
Q8VYU4	P37454	136	3.275E-06	1.000	6.256E-01	0.207	3.510E-01
Q8VYU4	F1QG30	122	2.495E-05	1.000	6.189E-01	0.192	3.696E-01
Q8VYU4	P9WKQ1	116	8.159E-05	1.000	6.508E-01	0.165	3.797E-01
Q8VYU4	Q9NBX4	74	2.033E-03	0.961	5.654E-01	0.110	3.123E-01
Q8VYU4	P25265	42	8.414E-02	0.254	5.020E-01	0.150	2.834E-01
Q8VYU4	C4L0S9	23	7.594E-01	0.045	4.786E-01	0.153	2.202E-01
Q8VYU4	Q8W4C3	13	6.476E+00	0.009	6.136E-01	0.063	2.593E-01
Q8VYU4	P36126	12	5.169E+00	0.008	1.338E-01	0.119	7.157E-01
Q8VYU4	Q49GP3	11	4.617E+00	0.007	1.118E-01	0.155	6.573E-01
Q8VYU4	Q04806	10	1.673E+00	0.000	1.754E-01	0.034	1.820E-01
Q8VYU4	P0DV89	10	7.669E+00	0.000	5.076E-01	0.171	2.226E-01
Q8VYU4	P23179	9	7.669E+00	0.000	4.851E-01	0.208	1.918E-01
Q8VYU4	Q9K838	7	4.885E+00	0.000	1.882E-01	0.105	1.787E-01
Q8VYU4	Q75D88	6	7.669E+00	0.000	8.005E-02	0.102	4.760E-01
Q09956	O31504	54	1.992E-02	0.601	4.629E-01	0.121	3.421E-01
Q09956	Q9KVZ8	45	4.182E-02	0.326	4.120E-01	0.110	3.360E-01
Q09956	P25201	43	8.468E-03	0.277	2.908E-01	0.109	2.832E-01
Q09956	Q67472	33	1.385E-01	0.116	4.040E-01	0.152	2.731E-01
Q09956	Q6BMM5	27	6.105E-01	0.069	4.199E-01	0.094	3.168E-01
Q09956	Q6C4Y5	26	1.020E+00	0.063	5.193E-01	0.107	2.956E-01
Q09956	Q9M8T9	23	3.451E-01	0.045	3.168E-01	0.083	2.272E-01
Q09956	D7CFN7	22	1.357E+00	0.040	4.319E-01	0.168	3.106E-01
Q09956	Q9P6Y2	15	1.210E+00	0.011	2.639E-01	0.144	2.284E-01
Q09956	Q54PA9	12	3.578E+00	0.008	3.607E-01	0.118	2.195E-01
Q09956	P29349	11	3.192E+00	0.007	3.465E-01	0.088	1.771E-01
Q09956	Q9WTR2	9	7.092E+00	0.000	4.067E-01	0.090	1.892E-01
Q09956	Q8KBF9	8	5.333E+00	0.000	2.147E-01	0.076	2.179E-01
Q09956	Q3T1H6	6	5.977E+00	0.000	2.703E-01	0.111	1.293E-01
Q556F2	Q8PU61	17	2.427E+00	0.016	2.590E-01	0.064	3.473E-01
Q556F2	P0AEZ7	16	6.075E+00	0.014	4.493E-01	0.107	3.665E-01
Q556F2	Q8K9B8	15	2.688E+00	0.011	2.439E-01	0.178	3.234E-01
Q556F2	Q11HB8	15	1.980E+00	0.011	2.163E-01	0.095	2.870E-01
Q556F2	Q6FJZ5	14	4.709E+00	0.010	3.351E-01	0.098	2.999E-01
Q556F2	Q93571	13	8.245E+00	0.009	5.755E-01	0.166	2.844E-01
Q556F2	O52195	11	6.726E+00	0.007	2.966E-01	0.126	3.139E-01
Q556F2	P26697	9	6.075E+00	0.000	2.120E-01	0.088	2.891E-01
Q556F2	P41773	9	4.252E+00	0.000	1.870E-01	0.077	2.146E-01
Q556F2	Q9NX78	9	9.129E+00	0.000	2.703E-01	0.102	3.116E-01
Q556F2	Q09451	8	7.447E+00	0.000	2.225E-01	0.054	2.742E-01
Q556F2	P9WN05	8	7.836E+00	0.000	1.872E-01	0.066	2.855E-01
Q556F2	P25439	8	6.726E+00	0.000	2.146E-01	0.120	2.523E-01
Q556F2	Q9VR91	7	9.605E+00	0.000	2.007E-01	0.115	2.953E-01
Q556F2	O60674	7	7.078E+00	0.000	1.527E-01	0.092	2.385E-01
Q556F2	Q9HWR3	6	9.605E+00	0.000	1.374E-01	0.103	2.745E-01
Q67653	P0DV89	139	7.512E-06	1.000	4.922E-01	0.112	3.234E-01
Q67653	P19593	114	3.433E-05	1.000	4.174E-01	0.113	3.147E-01
Q67653	Q9NBX4	100	9.393E-06	1.000	3.278E-01	0.104	2.606E-01
Q67653	Q06163	91	6.713E-05	0.997	3.250E-01	0.089	2.819E-01
Q67653	C7C422	17	5.001E+00	0.016	4.761E-01	0.161	2.499E-01
Q67653	P14571	13	6.837E+00	0.009	3.829E-01	0.180	2.625E-01
Q67653	P53349	13	1.957E+00	0.009	1.369E-01	0.116	2.597E-01
Q67653	Q7VA47	12	1.368E+00	0.008	1.297E-01	0.091	1.948E-01
Q67653	O80612	12	9.771E+00	0.008	3.017E-01	0.083	3.918E-01
Q67653	P40136	12	5.597E-01	0.008	8.250E-02	0.089	2.076E-01
Q67653	Q9ES63	11	4.183E+00	0.007	1.819E-01	0.109	2.523E-01
Q67653	O74539	8	5.001E+00	0.000	1.180E-01	0.096	2.342E-01
Q67653	Q7UF32	7	8.174E+00	0.000	1.278E-01	0.109	2.683E-01
Q67653	Q03018	7	3.498E+00	0.000	8.062E-02	0.077	2.341E-01
Q67653	P37297	7	5.230E+00	0.000	9.274E-02	0.095	2.308E-01
Q67653	Q5U315	6	4.574E+00	0.000	8.726E-02	0.112	1.801E-01
Q67653	Q5IBC5	6	7.476E+00	0.000	9.589E-02	0.120	2.252E-01
Q67653	Q9K838	5	8.174E+00	0.000	9.428E-02	0.109	2.085E-01
Q67653	Q20500	4	8.547E+00	0.000	9.349E-02	0.107	1.784E-01
P77966	A0QPN2	1158	3.584E-40	1.000	6.377E-01	0.170	6.926E-01
P77966	P34534	626	6.609E-28	1.000	4.383E-01	0.137	5.988E-01
P77966	Q8ZVM0	371	3.690E-16	1.000	5.781E-01	0.148	4.535E-01
P77966	O55716	43	7.424E-03	0.277	2.798E-01	0.128	2.598E-01
P77966	Q04804	28	7.510E-01	0.076	4.751E-01	0.135	3.037E-01
P77966	Q9WYH1	18	1.733E-01	0.020	1.631E-01	0.092	1.917E-01
P77966	Q3U487	18	1.293E+00	0.020	2.966E-01	0.063	2.734E-01
P77966	Q8L6Y1	17	2.765E+00	0.016	5.611E-01	0.178	1.953E-01
P77966	P39707	16	2.108E+00	0.014	3.559E-01	0.217	2.248E-01
P77966	I6Y2J4	16	1.996E+00	0.014	3.531E-01	0.073	2.275E-01
P77966	Q3J6L0	15	1.224E+00	0.011	2.369E-01	0.100	2.142E-01
P77966	P70954	15	5.306E+00	0.011	5.293E-01	0.131	2.850E-01
P77966	Q196V9	15	2.920E+00	0.011	3.718E-01	0.152	2.337E-01
P77966	P86926	14	6.593E+00	0.010	6.528E-01	0.080	2.655E-01
P77966	D0CY60	13	2.619E+00	0.009	2.762E-01	0.095	2.228E-01
P77966	P63883	12	1.160E+00	0.008	1.731E-01	0.100	1.873E-01
P77966	P49425	12	1.160E+00	0.008	1.841E-01	0.138	1.843E-01
P77966	Q9HWR3	11	7.929E-01	0.007	1.220E-01	0.116	1.934E-01
P77966	O86372	10	4.508E+00	0.000	2.522E-01	0.155	2.236E-01
P77966	Q83FY2	10	5.914E+00	0.000	3.922E-01	0.073	1.968E-01
P77966	Q9CLA9	10	5.602E+00	0.000	4.233E-01	0.080	1.742E-01
P77966	Q59119	10	1.791E+00	0.000	1.705E-01	0.103	1.939E-01
P77966	B1Q3J6	10	3.083E+00	0.000	2.464E-01	0.148	1.926E-01
P77966	P62576	9	3.083E+00	0.000	1.968E-01	0.102	1.780E-01
P77966	P22222	8	4.760E+00	0.000	2.220E-01	0.162	1.667E-01
P77966	D7CFN7	8	7.348E+00	0.000	2.672E-01	0.100	2.267E-01
P77966	Q8EJM6	8	6.244E+00	0.000	2.499E-01	0.084	1.876E-01
P77966	P26225	8	1.441E+00	0.000	1.265E-01	0.087	1.461E-01
P77966	Q9K838	8	6.960E+00	0.000	2.632E-01	0.053	2.048E-01
P77966	O45870	7	8.647E+00	0.000	3.162E-01	0.142	1.711E-01
P77966	B4XVN1	7	3.628E+00	0.000	1.624E-01	0.052	1.695E-01
P77966	Q9BZ23	6	6.244E+00	0.000	1.794E-01	0.096	1.891E-01
E9AE57	P0AG74	25	7.095E-01	0.057	4.190E-01	0.096	3.109E-01
E9AE57	O67359	9	6.832E+00	0.000	4.640E-01	0.133	1.897E-01
E9AE57	O24982	8	6.447E+00	0.000	2.665E-01	0.053	2.457E-01
E9AE57	Q6AW06	8	3.404E+00	0.000	1.580E-01	0.096	2.044E-01
E9AE57	Q31HD6	6	8.131E+00	0.000	2.193E-01	0.121	2.070E-01
E9AE57	A3KPF5	6	2.402E+00	0.000	9.977E-02	0.075	1.708E-01
E9AE57	P40557	6	2.698E+00	0.000	9.879E-02	0.100	1.777E-01
E9AE57	A0P8X0	6	2.698E+00	0.000	1.225E-01	0.064	1.449E-01
E9AE57	O00237	5	5.740E+00	0.000	1.449E-01	0.110	1.650E-01
E9AE57	A0A381HBN1	4	8.131E+00	0.000	1.013E-01	0.096	1.774E-01
E9AE57	Q9NBX4	4	8.131E+00	0.000	1.502E-01	0.061	1.587E-01
P18160	O60674	669	2.936E-20	1.000	8.245E-01	0.292	6.599E-01
P18160	Q9WTR2	511	7.284E-16	1.000	8.069E-01	0.245	6.274E-01
P18160	Q25197	488	5.401E-14	1.000	8.398E-01	0.252	6.973E-01
P18160	P18475	483	8.112E-16	1.000	6.851E-01	0.166	6.649E-01
P18160	P08581	460	1.218E-17	1.000	5.673E-01	0.205	5.920E-01
P18160	P18161	380	1.134E-23	1.000	2.297E-01	0.183	5.673E-01
P18160	P18106	359	9.090E-20	1.000	2.720E-01	0.161	6.041E-01
P18160	Q5GIT4	359	4.460E-12	1.000	6.788E-01	0.201	6.128E-01
P18160	Q99558	321	2.050E-14	1.000	3.880E-01	0.156	6.181E-01
P18160	P53349	302	7.113E-18	1.000	2.500E-01	0.111	5.635E-01
P18160	Q8G4G1	284	8.713E-10	1.000	6.967E-01	0.178	5.512E-01
P18160	Q9XU42	253	3.933E-09	1.000	6.542E-01	0.166	5.289E-01
P18160	P53599	251	6.817E-08	1.000	7.322E-01	0.219	6.052E-01
P18160	O74539	203	2.228E-07	1.000	6.626E-01	0.146	4.954E-01
P18160	Q504Y2	196	5.497E-08	1.000	5.549E-01	0.157	4.780E-01
P18160	Q6NSM8	107	4.224E-03	1.000	6.704E-01	0.245	5.809E-01
P18160	P18269	97	9.643E-06	0.999	3.632E-01	0.140	3.220E-01
P18160	A0A3R0A696	73	3.058E-03	0.956	5.153E-01	0.108	3.312E-01
P18160	P0CT48	41	6.938E-02	0.233	3.850E-01	0.104	3.103E-01
P18160	P62576	41	2.495E-02	0.233	3.000E-01	0.076	2.952E-01
P18160	B2UPR7	35	2.364E-02	0.138	2.977E-01	0.152	2.173E-01
P18160	P49425	28	9.583E-02	0.076	2.382E-01	0.080	2.614E-01
P18160	Q5BA89	28	2.968E-01	0.076	3.879E-01	0.111	2.438E-01
P18160	Q12923	25	4.704E-03	0.057	4.766E-02	0.118	4.813E-01
P18160	Q9KG76	21	1.828E-01	0.034	2.177E-01	0.074	1.992E-01
P18160	Q8BI06	21	1.712E-02	0.034	1.139E-01	0.086	1.931E-01
P18160	P29126	17	1.414E+00	0.016	2.838E-01	0.096	2.512E-01
P18160	P45796	16	3.884E-01	0.014	1.569E-01	0.077	2.178E-01
P18160	Q9C5E5	12	1.023E+00	0.008	1.877E-01	0.106	1.634E-01
P18160	O07014	11	3.930E+00	0.007	3.106E-01	0.068	1.887E-01
P18160	Q3U4H6	11	4.377E+00	0.007	2.396E-01	0.111	2.964E-01
P18160	Q03018	9	7.496E+00	0.000	2.415E-01	0.142	3.046E-01
P18160	Q9I1X7	7	3.930E+00	0.000	1.182E-01	0.100	2.213E-01
P18160	Q75D88	7	9.806E+00	0.000	1.343E-01	0.122	5.208E-01
P18160	Q0DVX2	5	7.496E+00	0.000	9.588E-02	0.114	3.243E-01
Q97U94	G4FEF4	352	1.310E-15	1.000	6.326E-01	0.122	4.094E-01
Q97U94	P27756	320	1.051E-15	1.000	5.575E-01	0.116	3.803E-01
Q97U94	Q92451	256	2.924E-12	1.000	5.851E-01	0.112	3.696E-01
Q97U94	D7CFN7	254	6.539E-14	1.000	5.088E-01	0.105	3.311E-01
Q97U94	P00691	135	7.363E-08	1.000	4.269E-01	0.132	3.166E-01
Q97U94	P49610	84	1.555E-04	0.991	4.552E-01	0.089	2.997E-01
Q97U94	Q5BA89	77	6.665E-07	0.975	2.660E-01	0.088	2.092E-01
Q97U94	B4XVN1	58	1.012E-03	0.720	3.391E-01	0.091	2.631E-01
Q97U94	Q3U4H6	56	6.581E-03	0.663	4.269E-01	0.118	2.874E-01
Q97U94	B2UPR7	50	5.224E-04	0.473	2.442E-01	0.127	2.479E-01
Q97U94	A0A191T6Q6	49	2.608E-02	0.442	4.614E-01	0.101	2.831E-01
Q97U94	P19487	48	7.763E-03	0.411	3.629E-01	0.095	2.628E-01
Q97U94	P0C7A1	46	2.442E-03	0.353	3.057E-01	0.074	2.195E-01
Q97U94	P87120	41	1.773E-02	0.233	3.634E-01	0.135	2.298E-01
Q97U94	Q8WPJ2	39	1.092E-01	0.196	4.337E-01	0.080	2.935E-01
Q97U94	O86372	37	1.092E-01	0.164	4.216E-01	0.090	2.741E-01
Q97U94	P29126	35	1.605E-01	0.138	4.440E-01	0.099	2.645E-01
Q97U94	Q8I4R4	29	2.494E-01	0.082	3.714E-01	0.124	2.580E-01
Q97U94	D0CY60	24	7.929E-01	0.051	4.349E-01	0.076	2.604E-01
Q97U94	Q3J6L0	23	2.785E-01	0.045	2.963E-01	0.066	2.160E-01
Q97U94	Q54IF7	19	2.814E+00	0.024	4.822E-01	0.138	2.952E-01
Q97U94	Q9HN88	19	1.044E+00	0.024	3.539E-01	0.078	2.220E-01
Q97U94	Q9KG76	17	1.347E-02	0.016	8.954E-02	0.087	1.637E-01
Q97U94	B8GZV1	14	2.022E+00	0.010	3.141E-01	0.100	1.944E-01
Q97U94	A2STA4	13	9.884E-01	0.009	1.574E-01	0.093	2.291E-01
Q97U94	I6Y2J4	11	2.974E+00	0.007	2.566E-01	0.089	2.194E-01
Q97U94	Q5BMR2	11	3.142E+00	0.007	2.456E-01	0.095	2.116E-01
Q97U94	Q10423	9	3.916E+00	0.000	2.735E-01	0.080	1.750E-01
Q97U94	Q9UKN8	9	1.166E+00	0.000	1.310E-01	0.109	1.578E-01
Q97U94	Q9WYH1	8	1.714E+00	0.000	1.313E-01	0.099	1.602E-01
Q97U94	Q9ES63	8	6.428E+00	0.000	2.595E-01	0.075	2.339E-01
Q97U94	C1L2D3	7	4.620E+00	0.000	1.754E-01	0.099	1.827E-01
Q97U94	B0RTZ8	6	8.942E+00	0.000	3.111E-01	0.102	1.744E-01
Q97U94	P40136	6	6.792E+00	0.000	2.130E-01	0.087	1.506E-01
Q97U94	Q9I1X7	6	3.142E+00	0.000	1.192E-01	0.111	1.690E-01
Q97U94	P18475	6	4.138E+00	0.000	1.512E-01	0.093	1.617E-01
Q97U94	A8GAD1	5	6.084E+00	0.000	1.395E-01	0.079	1.587E-01
Q97U94	P18269	5	8.010E+00	0.000	1.566E-01	0.098	2.139E-01
Q97U94	Q8WY54	5	7.176E+00	0.000	1.335E-01	0.035	1.673E-01
Q97U94	Q6R9F9	5	9.447E+00	0.000	1.817E-01	0.098	1.641E-01
Q97U94	Q12923	5	7.176E+00	0.000	1.832E-01	0.108	1.618E-01
Q97U94	Q9WTR2	4	8.942E+00	0.000	1.178E-01	0.112	1.749E-01
Q8LKW0	Q06163	1122	1.255E-33	1.000	6.638E-01	0.129	5.721E-01
Q8LKW0	P19593	177	4.452E-06	1.000	5.536E-01	0.116	4.162E-01
Q8LKW0	P0DV89	128	3.470E-05	1.000	4.683E-01	0.109	3.372E-01
Q8LKW0	Q9NBX4	116	1.540E-07	1.000	2.499E-01	0.110	2.716E-01
Q8LKW0	P40136	25	1.716E-02	0.057	9.347E-02	0.083	2.113E-01
Q8LKW0	Q6R9F9	20	1.739E-01	0.029	1.157E-01	0.098	2.282E-01
Q8LKW0	Q9NX78	18	2.097E+00	0.020	2.594E-01	0.118	2.760E-01
Q8LKW0	P80734	16	3.108E+00	0.014	2.452E-01	0.125	2.804E-01
Q8LKW0	H2QL32	15	5.728E+00	0.011	3.508E-01	0.110	3.161E-01
Q8LKW0	P53599	15	3.987E-01	0.011	6.277E-02	0.101	3.309E-01
Q8LKW0	Q11A17	14	2.391E+00	0.010	2.267E-01	0.093	2.033E-01
Q8LKW0	Q9WTR2	14	6.251E+00	0.010	3.282E-01	0.125	2.828E-01
Q8LKW0	Q8PU61	13	4.039E+00	0.009	2.132E-01	0.094	2.592E-01
Q8LKW0	Q96G75	12	4.219E+00	0.008	2.025E-01	0.178	2.655E-01
Q8LKW0	D7CFN7	12	5.249E+00	0.008	4.308E-01	0.166	1.431E-01
Q8LKW0	Q9CBQ2	10	7.776E+00	0.000	2.893E-01	0.101	2.319E-01
Q8LKW0	Q8EJM6	10	2.391E+00	0.000	1.232E-01	0.075	2.081E-01
Q8LKW0	Q9NVE5	10	4.408E+00	0.000	2.684E-01	0.093	1.408E-01
Q8LKW0	P43524	9	4.408E+00	0.000	1.340E-01	0.145	2.145E-01
Q8LKW0	Q9ES63	9	9.258E+00	0.000	1.180E-01	0.116	5.457E-01
Q8LKW0	P54570	8	5.249E+00	0.000	1.692E-01	0.061	1.736E-01
Q8LKW0	P76261	7	4.605E+00	0.000	9.384E-02	0.094	1.966E-01
A0LL58	A5W820	1041	2.687E-29	1.000	9.547E-01	0.483	8.781E-01
A0LL58	Q8PW90	1024	1.241E-28	1.000	9.527E-01	0.428	8.897E-01
A0LL58	Q3SKJ2	1010	3.967E-28	1.000	9.674E-01	0.460	8.824E-01
A0LL58	B0RTZ8	974	2.200E-27	1.000	9.579E-01	0.464	8.730E-01
A0LL58	Q55AX2	149	7.778E-06	1.000	7.584E-01	0.150	4.530E-01
A0LL58	P25201	143	5.068E-06	1.000	6.796E-01	0.131	4.427E-01
A0LL58	Q8TEK3	121	1.123E-05	1.000	5.850E-01	0.156	4.100E-01
A0LL58	Q6AW06	108	5.857E-05	1.000	5.942E-01	0.111	4.013E-01
A0LL58	Q6C4Y5	79	1.174E-03	0.981	5.494E-01	0.158	3.844E-01
A0LL58	Q9M548	75	3.754E-03	0.967	6.060E-01	0.130	3.960E-01
A0LL58	P47330	42	7.076E-02	0.254	5.170E-01	0.145	3.165E-01
A0LL58	Q2EEX9	35	9.038E-02	0.138	4.618E-01	0.095	2.656E-01
A0LL58	P25265	32	4.172E-01	0.106	5.461E-01	0.150	3.257E-01
A0LL58	P27061	31	2.263E-01	0.098	4.597E-01	0.088	2.798E-01
A0LL58	Q9HN88	25	3.692E-01	0.057	3.841E-01	0.129	2.720E-01
A0LL58	Q970N1	24	6.022E-01	0.051	4.291E-01	0.127	2.774E-01
A0LL58	P56524	23	7.236E-01	0.045	4.188E-01	0.150	2.865E-01
A0LL58	P18106	23	1.180E+00	0.045	4.815E-01	0.150	3.236E-01
A0LL58	Q54IF7	21	7.236E-01	0.034	3.022E-01	0.092	3.225E-01
A0LL58	A7IAL9	19	1.704E+00	0.024	4.754E-01	0.172	2.654E-01
A0LL58	Q7U5S4	19	9.242E-01	0.024	3.696E-01	0.125	2.479E-01
A0LL58	Q54VQ7	18	1.926E+00	0.020	4.460E-01	0.081	2.705E-01
A0LL58	Q48H61	17	2.176E+00	0.016	4.161E-01	0.102	2.815E-01
A0LL58	O24982	17	3.924E-01	0.016	2.134E-01	0.087	2.353E-01
A0LL58	Q5VKJ7	17	5.329E-01	0.016	2.760E-01	0.130	2.062E-01
A0LL58	F1SVL1	14	3.142E+00	0.010	4.306E-01	0.176	2.351E-01
A0LL58	Q9HWR3	14	7.236E-01	0.010	1.813E-01	0.111	2.409E-01
A0LL58	Q9UKN8	14	3.774E+00	0.010	4.441E-01	0.153	2.856E-01
A0LL58	Q5BMR2	14	2.955E+00	0.010	4.447E-01	0.142	2.241E-01
A0LL58	O74539	14	3.142E+00	0.010	4.051E-01	0.173	2.505E-01
A0LL58	Q8EJM6	13	3.774E+00	0.009	3.954E-01	0.162	2.758E-01
A0LL58	Q13231	11	2.460E+00	0.007	2.641E-01	0.075	2.277E-01
A0LL58	P49610	11	1.418E+00	0.007	2.148E-01	0.147	1.991E-01
A0LL58	P14746	10	8.357E+00	0.000	4.915E-01	0.150	3.070E-01
A0LL58	Q5AGZ9	10	1.180E+00	0.000	1.396E-01	0.106	2.069E-01
A0LL58	Q5GIT4	10	7.862E+00	0.000	4.636E-01	0.043	2.635E-01
A0LL58	B4U701	9	6.958E+00	0.000	3.300E-01	0.116	2.571E-01
A0LL58	Q83FY2	9	2.615E+00	0.000	1.850E-01	0.113	2.416E-01
A0LL58	P25892	9	2.615E+00	0.000	2.173E-01	0.077	1.971E-01
A0LL58	Q04804	9	8.884E+00	0.000	5.382E-01	0.181	2.442E-01
A0LL58	P87120	8	4.266E+00	0.000	2.079E-01	0.111	2.089E-01
A0LL58	Q9WTR2	8	5.125E+00	0.000	2.593E-01	0.101	2.124E-01
A0LL58	P70954	7	6.545E+00	0.000	2.366E-01	0.101	2.101E-01
A0LL58	Q0DVX2	7	8.884E+00	0.000	2.859E-01	0.111	2.582E-01
A0LL58	Q12923	7	4.821E+00	0.000	1.672E-01	0.098	2.450E-01
